# CHARACTER MODIFIERS;;;;;;;;;;;;;x
truce_breaker;Truce Breaker;;;;;;;;;;;;;x
truce_breaker_desc;This character has aggressively broken a truce or a peace agreement.;;;;;;;;;;;;;;x
the_oubliette;In the Bottomless Pit;;;;;;;;;;;;;;x
big_spender;Philanthropic;;;;;;;;;;;;;;x
big_spender_desc;This character has been spending his gold with generosity and lordly extravagance.;;;;;;;;;;;;;;x
employment_timer;'Recently employed a character'.;;;;;;;;;;;;;x
heretic_friend_timer;'Has a heretic friend'.;;;;;;;;;;;;;x
victory_timer;'Recently victorious in a war'.;;;;;;;;;;;;;x
indulgence_timer;'Recently bought an indulgence'.;;;;;;;;;;;;;x
char_restored_old_gods;'Has restored the power of the Old Gods'.;;;;;;;;;;;;;x
HK_britannia_claim_timer;'Has recently claimed the High Kingdom of Britannia'.;;;;;;;;;;;;;x
HK_aengland_claim_timer;'Has recently claimed the Cynerice of Ænglaland'.;;;;;;;;;;;;;x
improve_relations_timer;'Improved Relations'.;;;;;;;;;;;;;x
not_dejure_liege;Not De Jure Liege;;;;;;;;;;;;;x
not_dejure_liege_desc;This character resents being ruled by a liege who has no natural rights to the land.;;;;;;;;;;;;;x
for_the_sake_of_love;All For Love;;;;;;;;;;;;;x
battlefield_fight;Challenged to a Duel on the Battlefield;;;;;;;;;;;;;x
modifier_hidden;Hidden;;;;;;;;;;;;;;x
modifier_hidden_desc;This character is currently hiding from the hostile forces ravaging through the realm.;;;;;;;;;;;;;;x
stalwart_defender;Valiant Defender;;;;;;;;;;;;;;x
stalwart_defender_desc;This character has decided not to hide, but to hold strong against the hostile forces ravaging through the realm.;;;;;;;;;;;;;;x
aspiring_druid_1;Aspiring Druid;;;;;;;;;;;;;;x
aspiring_druid_1_desc;This character is studying the basics of the druidic arts.;;;;;;;;;;;;;;x
aspiring_druid_2;Novice Druid;;;;;;;;;;;;;;x
aspiring_druid_2_desc;This character is studying the druidic arts and is well-versed with many of its basics.;;;;;;;;;;;;;;x
aspiring_druid_3;Apprentice Druid;;;;;;;;;;;;;;x
aspiring_druid_3_desc;This character is studying the secrets of the druids and has mastered many of the facets of the art.;;;;;;;;;;;;;;x
trained_bard;Trained Bard;;;;;;;;;;;;;;x
trained_bard_desc;This character has chosen to become a bard, but has also learned much from the basic druidic training required of a bard.;;;;;;;;;;;;;;x
raised_visigoth_army_timer;Recently raised Hispanic army;;;;;;;;;;;;;;x
raised_visigoth_army_timer_desc;This character has recently raised an army from Hispania and cannot raise another one for the next few years.;;;;;;;;;;;;;;x
claimed_iclingas_timer;Recently Claimed Iclingas;;;;;;;;;;;;;;x
raised_tribal_authority_timer;Recently Raised Tribal Authority;;;;;;;;;;;;;;x
raider_timer;Recently went on Major Raid;;;;;;;;;;;;;;x
vassalize_timer;Recently declared Subjugation War;;;;;;;;;;;;;;x
county_conquest_tribal_timer;Recently declared County Conquest War;;;;;;;;;;;;;;x
take_vassal_tribal_timer;Recently declared Vassalization War;;;;;;;;;;;;;;x
imperial_subjugation_timer;Recently declared Imperial Subjugation War;;;;;;;;;;;;;;x
saxon_invasion_gaul_timer;Recently attempted to Invade Gaul;;;;;;;;;;;;;;x
new_settlements;New Settlements;;;;;;;;;;;;;;x
new_settlements_desc;A number of new settlements have recently been founded in this province.;;;;;;;;;;;;;;x
praised_by_bards;Praised by Bards;;;;;;;;;;;;;;x
praised_by_bards_desc;This character is being praised and honoured in the stories and poems of the local bards.;;;;;;;;;;;;;;x
mocked_by_bards;Mocked by Bards;;;;;;;;;;;;;;x
mocked_by_bards_desc;This character has been the subject of some stinging mockery and satire by local bards.;;;;;;;;;;;;;;x
christian_apostate;Apostate;;;;;;;;;;;;;;x
christian_apostate_desc;This character has wilfully abandoned Christianity for another religion, earning the ire and fury of all Christians.;;;;;;;;;;;;;;x
former_christian_apostate;Former Apostate;;;;;;;;;;;;;;x
former_christian_apostate_desc;Many Christians have never quite forgiven this character for abandoning Christianity before reconverting.;;;;;;;;;;;;;;x
friendly_with_romans;Peace with the Romans;;;;;;;;;;;;;;x
friendly_with_romans_desc;This character is enjoying peaceful relations with the Romans of Gaul.;;;;;;;;;;;;;;x
recently_debased_currency;Recently Debased Currency;;;;;;;;;;;;;;x
inflationary_pressures;Inflationary Pressures;;;;;;;;;;;;;;x
inflationary_pressures_desc;Continued debasement of coinage has decreased public confidence in the currency and is causing economic problems in the province.;;;;;;;;;;;;;;x
angered_army;Refused Donativum;;;;;;;;;;;;;;x
angered_army_desc;The Imperator has refused to pay the traditional Donativum on his succession, greatly angering the army.;;;;;;;;;;;;;;x
conquest_timer;Recently declared Conquest War;;;;;;;;;;;;;;x
anglosaxon_conquest_timer;Recently declared Anglo-Saxon Conquest War;;;;;;;;;;;;;;x
tribal_unit_timer;Recently Raised Tribal Army;;;;;;;;;;;;;;x
# (FORMER) TRIGGERED MODIFIERS;;;;;;;;;;;;;x
negative_money;Lack of Funds;;;;;;;;;;;;;x
desc_negative_money;Our coffers are empty and we cannot afford to pay our troops properly.;;;;;;;;;;;;;x
negative_money_1;Lack of Funds;;;;;;;;;;;;;x
negative_money_1_desc;Our coffers are empty and we cannot afford to pay our troops properly.;;;;;;;;;;;;;x
negative_money_2;Lack of Funds;;;;;;;;;;;;;x
negative_money_2_desc;Our coffers are empty and we cannot afford to pay our troops properly.;;;;;;;;;;;;;x
negative_money_3;Lack of Funds;;;;;;;;;;;;;x
negative_money_3_desc;Our coffers are empty and we cannot afford to pay our troops properly.;;;;;;;;;;;;;x
negative_money_4;Severe Lack of Funds;;;;;;;;;;;;;x
negative_money_4_desc;Our coffers are empty and we cannot afford to pay our troops properly.;;;;;;;;;;;;;x
negative_money_5;Severe Lack of Funds;;;;;;;;;;;;;x
negative_money_5_desc;Our coffers are empty and we cannot afford to pay our troops properly.;;;;;;;;;;;;;x
negative_money_6;Critical Lack of Funds;;;;;;;;;;;;;x
negative_money_6_desc;Our coffers are empty and we cannot afford to pay our troops properly.;;;;;;;;;;;;;x
roman_gaul_control;Ruler of Northern Gaul;;;;;;;;;;;;;x
roman_gaul_control_desc;This ruler has full control over northern Gaul and over the entire southern coast of the Dividing Sea.;;;;;;;;;;;;;x
frank_gaul_control;Ruler of Northern Gaul;;;;;;;;;;;;;x
frank_gaul_control_desc;This Frankish ruler has full control over northern Gaul and over the entire southern coast of the Dividing Sea.;;;;;;;;;;;;;x
wrong_religion_group_capital;Different Religion in Capital;;;;;;;;;;;;;x
wrong_religion_group_capital_desc;This ruler is reigning from a province that follows a completely different religious faith, making administration more difficult.;;;;;;;;;;;;;x
wrong_religion_capital;Different Religion in Capital;;;;;;;;;;;;;x
wrong_religion_capital_desc;This ruler is reigning from a province that follows a slightly different religious faith, making administration more difficult.;;;;;;;;;;;;;x
martial_very_low;Helpless Military Ruler;;;;;;;;;;;;;x
martial_very_low_desc;This ruler's martial skills are so laughable most of his vassals are unwilling to send their troops to fight under his command.;;;;;;;;;;;;;x
martial_low;Inadequate Military Ruler;;;;;;;;;;;;;x
martial_low_desc;This ruler's martial skills are very low, and most of his vassals are unwilling to send their troops to fight under his command.;;;;;;;;;;;;;x
martial_low_medium;Inexperienced Military Ruler;;;;;;;;;;;;;x
martial_low_medium_desc;This ruler's low martial skills are causing concern among his vassals, who are unwilling to send their troops to fight under his command.;;;;;;;;;;;;;x
martial_medium;Average Military Ruler;;;;;;;;;;;;;x
martial_medium_high;Competent Military Ruler;;;;;;;;;;;;;x
martial_medium_high_desc;This ruler is considered a proficient military leader. His vassals will be more inclined to send their troops to war under his command.;;;;;;;;;;;;;x
martial_high;Skilled Military Ruler;;;;;;;;;;;;;x
martial_high_desc;This ruler is considered a skilled strategist and military leader. His vassals will be more inclined to send their troops to war under his command.;;;;;;;;;;;;;x
martial_very_high;Exceptional Military Ruler;;;;;;;;;;;;;x
martial_very_high_desc;This ruler is considered a masterful strategist and a great military leader. In times of war, his vassals will be more inclined to send their troops to fight under his command.;;;;;;;;;;;;;x
master_of_intrigues;Master of Intrigues;;;;;;;;;;;;;x
master_of_intrigues_desc;This ruler is a master in intriguing and plotting.;;;;;;;;;;;;;x
war_torn;Consequences of War;;;;;;;;;;;;;x
war_torn_desc;This character's realm is being torn by the current war.;;;;;;;;;;;;;x
political_ineptitude;Politically Inept;;;;;;;;;;;;;x
political_ineptitude_desc;This ruler is inept in the fine art of politics.;;;;;;;;;;;;;x
corrupted_court;Corruption;;;;;;;;;;;;;x
corrupted_court_desc;This ruler's stewardship skills are so laughable he can't even start to fight corruption.;;;;;;;;;;;;;x
bureaucratic_court;Efficiency;;;;;;;;;;;;;x
bureaucratic_court_desc;This ruler is a master in administrating his realm, and everything runs as smoothly as ever.;;;;;;;;;;;;;x
refuge_for_heretics;Agnostic Ruler;;;;;;;;;;;;;x
refuge_for_heretics_desc;This ruler is not spiritual at all, preferring human arts and progress to the answers religion could offer him.;;;;;;;;;;;;;x
bastion_of_the_zealous;Zealous Ruler;;;;;;;;;;;;;x
bastion_of_the_zealous_desc;This ruler is a very religious character who despises human arts and progress and prefers to find the answers to life's greatest dilemmas in his religious faith.;;;;;;;;;;;;;x
patron_of_the_learned;Erudite Ruler;;;;;;;;;;;;;x
patron_of_the_learned_desc;This ruler is one of the greatest cultural and intellectual minds of their time.;;;;;;;;;;;;;x
court_of_ignogrance;Ignorant Ruler;;;;;;;;;;;;;x
court_of_ignogrance_desc;This ruler is uneducated and ignorant about most of the things that happen even just outside his great hall.;;;;;;;;;;;;;x
wealthy_and_affluent;Wealthy Ruler;;;;;;;;;;;;;x
wealthy_and_affluent_desc;This ruler is wealthy and has no problems paying or paying back any gold spent.;;;;;;;;;;;;;x
too_many_kingdoms_1;Too Many Held Kingdoms;;;;;;;;;;;;;x
too_many_kingdoms_1_desc;This Anglo-Saxon ruler holds more than one king title, a fact disliked by most of his vassals.;;;;;;;;;;;;;x
too_many_kingdoms_2;Too Many Held Kingdoms;;;;;;;;;;;;;x
too_many_kingdoms_2_desc;This Anglo-Saxon ruler holds more than one king title, a fact disliked by most of his vassals.;;;;;;;;;;;;;x
too_many_kingdoms_bretwalda;Too Many Held Kingdoms;;;;;;;;;;;;;x
too_many_kingdoms_bretwalda_desc;This Bretwalda of Ænglaland holds more than one king title, a fact disliked by most of his vassals.;;;;;;;;;;;;;x
too_large_realm_1;Large Realm;;;;;;;;;;;;;x
too_large_realm_1_desc;This ruler's diplomacy and stewardship skills are not good enough to properly administer such a large realm. Widespread corruption is chronic and is fueling frustration and disillusionment among both the vassals and the people.;;;;;;;;;;;;;x
too_large_realm_2;Large Realm;;;;;;;;;;;;;x
too_large_realm_2_desc;This ruler's diplomacy and stewardship skills are not good enough to properly administer such a large realm. Widespread corruption is chronic and is fueling frustration and disillusionment among both the vassals and the people.;;;;;;;;;;;;;x
too_large_realm_3;Large Realm;;;;;;;;;;;;;x
too_large_realm_3_desc;This ruler's diplomacy and stewardship skills are not good enough to properly administer such a large realm. Widespread corruption is chronic and is fueling frustration and disillusionment among both the vassals and the people.;;;;;;;;;;;;;x
too_large_realm_4;Large Realm;;;;;;;;;;;;;x
too_large_realm_4_desc;This ruler's diplomacy and stewardship skills are not good enough to properly administer such a large realm. Widespread corruption is chronic and is fueling frustration and disillusionment among both the vassals and the people.;;;;;;;;;;;;;x
too_large_realm_5;Large Realm;;;;;;;;;;;;;x
too_large_realm_5_desc;This ruler's diplomacy and stewardship skills are not good enough to properly administer such a large realm. Widespread corruption is chronic and is fueling frustration and disillusionment among both the vassals and the people.;;;;;;;;;;;;;x
too_large_realm_6;Large Realm;;;;;;;;;;;;;x
too_large_realm_6_desc;This ruler's diplomacy and stewardship skills are not good enough to properly administer such a large realm. Widespread corruption is chronic and is fueling frustration and disillusionment among both the vassals and the people.;;;;;;;;;;;;;x
too_large_realm_7;Large Realm;;;;;;;;;;;;;x
too_large_realm_7_desc;This ruler's diplomacy and stewardship skills are not good enough to properly administer such a large realm. Widespread corruption is chronic and is fueling frustration and disillusionment among both the vassals and the people.;;;;;;;;;;;;;x
restored_roman_senate;Formed Imperial Senate;;;;;;;;;;;;;x
restored_roman_senate_desc;This ruler has denied the authority of the Senate in Rome and formed an Imperial Senate in his capital city.;;;;;;;;;;;;;x
conqueror;Conqueror;;;;;;;;;;;;;x
conqueror_desc;This character has proven himself on the battlefield and inspires his people like few others. He is considered one of the great conquerors of his time, and his soldiers are willing to follow him from campaign to campaign with barely a rest, to all four corners of the world.;;;;;;;;;;;;;x
base_levies_1;Decentralization;;;;;;;;;;;;;x
base_levies_1_desc;The maximum amount of troops and taxes that can be raised from vassals depends on the §Ynumber of holdings§! in the realm. Larger realms with decentralized armies can raise fewer troops and collect fewer taxes per vassal.\n\nThe effects of decentralization are reduced under higher Crown Authority and Centralization Laws.;;;;;;;;;;;;;x
base_levies_2;Decentralization;;;;;;;;;;;;;x
base_levies_2_desc;The maximum amount of troops and taxes that can be raised from vassals depends on the §Ynumber of holdings§! in the realm. Larger realms with decentralized armies can raise fewer troops and collect fewer taxes per vassal.\n\nThe effects of decentralization are reduced under higher Crown Authority and Centralization Laws.;;;;;;;;;;;;;x
base_levies_3;Decentralization;;;;;;;;;;;;;x
base_levies_3_desc;The maximum amount of troops and taxes that can be raised from vassals depends on the §Ynumber of holdings§! in the realm. Larger realms with decentralized armies can raise fewer troops and collect fewer taxes per vassal.\n\nThe effects of decentralization are reduced under higher Crown Authority and Centralization Laws.;;;;;;;;;;;;;x
base_levies_4;Decentralization;;;;;;;;;;;;;x
base_levies_4_desc;The maximum amount of troops and taxes that can be raised from vassals depends on the §Ynumber of holdings§! in the realm. Larger realms with decentralized armies can raise fewer troops and collect fewer taxes per vassal.\n\nThe effects of decentralization are reduced under higher Crown Authority and Centralization Laws.;;;;;;;;;;;;;x
base_levies_5;Decentralization;;;;;;;;;;;;;x
base_levies_5_desc;The maximum amount of troops and taxes that can be raised from vassals depends on the §Ynumber of holdings§! in the realm. Larger realms with decentralized armies can raise fewer troops and collect fewer taxes per vassal.\n\nThe effects of decentralization are reduced under higher Crown Authority and Centralization Laws.;;;;;;;;;;;;;x
base_levies_6;Decentralization;;;;;;;;;;;;;x
base_levies_6_desc;The maximum amount of troops and taxes that can be raised from vassals depends on the §Ynumber of holdings§! in the realm. Larger realms with decentralized armies can raise fewer troops and collect fewer taxes per vassal.\n\nThe effects of decentralization are reduced under higher Crown Authority and Centralization Laws.;;;;;;;;;;;;;x
base_levies_7;Decentralization;;;;;;;;;;;;;x
base_levies_7_desc;The maximum amount of troops and taxes that can be raised from vassals depends on the §Ynumber of holdings§! in the realm. Larger realms with decentralized armies can raise fewer troops and collect fewer taxes per vassal.\n\nThe effects of decentralization are reduced under higher Crown Authority and Centralization Laws.;;;;;;;;;;;;;x
base_levies_8;Decentralization;;;;;;;;;;;;;x
base_levies_8_desc;The maximum amount of troops and taxes that can be raised from vassals depends on the §Ynumber of holdings§! in the realm. Larger realms with decentralized armies can raise fewer troops and collect fewer taxes per vassal.\n\nThe effects of decentralization are reduced under higher Crown Authority and Centralization Laws.;;;;;;;;;;;;;x
base_levies_9;Decentralization;;;;;;;;;;;;;x
base_levies_9_desc;The maximum amount of troops and taxes that can be raised from vassals depends on the §Ynumber of holdings§! in the realm. Larger realms with decentralized armies can raise fewer troops and collect fewer taxes per vassal.\n\nThe effects of decentralization are reduced under higher Crown Authority and Centralization Laws.;;;;;;;;;;;;;x
base_levies_10;Decentralization;;;;;;;;;;;;;x
base_levies_10_desc;The maximum amount of troops and taxes that can be raised from vassals depends on the §Ynumber of holdings§! in the realm. Larger realms with decentralized armies can raise fewer troops and collect fewer taxes per vassal.\n\nThe effects of decentralization are reduced under higher Crown Authority and Centralization Laws.;;;;;;;;;;;;;x
base_levies_11;Decentralization;;;;;;;;;;;;;x
base_levies_11_desc;The maximum amount of troops and taxes that can be raised from vassals depends on the §Ynumber of holdings§! in the realm. Larger realms with decentralized armies can raise fewer troops and collect fewer taxes per vassal.\n\nThe effects of decentralization are reduced under higher Crown Authority and Centralization Laws.;;;;;;;;;;;;;x
base_levies_12;Decentralization;;;;;;;;;;;;;x
base_levies_12_desc;The maximum amount of troops and taxes that can be raised from vassals depends on the §Ynumber of holdings§! in the realm. Larger realms with decentralized armies can raise fewer troops and collect fewer taxes per vassal.\n\nThe effects of decentralization are reduced under higher Crown Authority and Centralization Laws.;;;;;;;;;;;;;x
base_levies_13;Decentralization;;;;;;;;;;;;;x
base_levies_13_desc;The maximum amount of troops and taxes that can be raised from vassals depends on the §Ynumber of holdings§! in the realm. Larger realms with decentralized armies can raise fewer troops and collect fewer taxes per vassal.\n\nThe effects of decentralization are reduced under higher Crown Authority and Centralization Laws.;;;;;;;;;;;;;x
negative_authority;Unrespected Ruler;;;;;;;;;;;;;x
negative_authority_desc;This ruler's lack of authority and prestige is cause of frustration among both the vassals and the people.;;;;;;;;;;;;;x
vestigial_kingdom;Vestigial Kingdom;;;;;;;;;;;;;x
vestigial_kingdom_desc;This king has nothing but a few settlements left under his rule. The realm is just a shadow of its former glory. If the kingdom is to be respected, it must prove itself worthy and regain its de jure territory once again.;;;;;;;;;;;;;x
attack_just;Righteous Offensive War;;;;;;;;;;;;;x
attack_just_desc;Our war is a just war. The people of the realm know this, and they support our effort with gold and fervour.;;;;;;;;;;;;;x 
small_demesne_1;Local Control;;;;;;;;;;;;;x
small_demesne_1_desc;The limited size of this ruler's personal holdings allows for a far more efficient tax collection.;;;;;;;;;;;;;x
small_demesne_2;Local Control;;;;;;;;;;;;;x
small_demesne_2_desc;The limited size of this ruler's personal holdings allows for a far more efficient tax collection.;;;;;;;;;;;;;x
small_demesne_3;Local Control;;;;;;;;;;;;;x
small_demesne_3_desc;The limited size of this ruler's personal holdings allows for a far more efficient tax collection.;;;;;;;;;;;;;x
commanding;In Command;;;;;;;;;;;;;x
commanding_desc;This character is leading an army in the field.;;;;;;;;;;;;;x
ravaged_lands;Ravaged Lands;;;;;;;;;;;;;x
ravaged_lands_desc;The recent civil infighting has taken a large toll on our lands, leaving our levies severely depleted.;;;;;;;;;;;;;;x
tribal_modifier_0;Respected Ruler (0);;;;;;;;;;;;;x
tribal_modifier_0_desc;[Root.GetTribalModifierDesc];;;;;;;;;;;;;x
tribal_modifier_1;Respected Ruler (10);;;;;;;;;;;;;x
tribal_modifier_1_desc;[Root.GetTribalModifierDesc];;;;;;;;;;;;;x
tribal_modifier_2;Respected Ruler (20);;;;;;;;;;;;;x
tribal_modifier_2_desc;[Root.GetTribalModifierDesc];;;;;;;;;;;;;x
tribal_modifier_3;Respected Ruler (30);;;;;;;;;;;;;x
tribal_modifier_3_desc;[Root.GetTribalModifierDesc];;;;;;;;;;;;;x
tribal_modifier_4;Respected Ruler (40);;;;;;;;;;;;;x
tribal_modifier_4_desc;[Root.GetTribalModifierDesc];;;;;;;;;;;;;x
tribal_modifier_5;Prestigious Ruler (50);;;;;;;;;;;;;x
tribal_modifier_5_desc;[Root.GetTribalModifierDesc];;;;;;;;;;;;;x
tribal_modifier_6;Prestigious Ruler (60);;;;;;;;;;;;;x
tribal_modifier_6_desc;[Root.GetTribalModifierDesc];;;;;;;;;;;;;x
tribal_modifier_7;Prestigious Ruler (70);;;;;;;;;;;;;x
tribal_modifier_7_desc;[Root.GetTribalModifierDesc];;;;;;;;;;;;;x
tribal_modifier_8;Prestigious Ruler (80);;;;;;;;;;;;;x
tribal_modifier_8_desc;[Root.GetTribalModifierDesc];;;;;;;;;;;;;x
tribal_modifier_9;Strong Ruler (90);;;;;;;;;;;;;x
tribal_modifier_9_desc;[Root.GetTribalModifierDesc];;;;;;;;;;;;;x
tribal_modifier_10;Strong Ruler (100);;;;;;;;;;;;;x
tribal_modifier_10_desc;[Root.GetTribalModifierDesc];;;;;;;;;;;;;x
tribal_modifier_11;Strong Ruler (110);;;;;;;;;;;;;x
tribal_modifier_11_desc;[Root.GetTribalModifierDesc];;;;;;;;;;;;;x
tribal_modifier_12;Strong Ruler (120);;;;;;;;;;;;;x
tribal_modifier_12_desc;[Root.GetTribalModifierDesc];;;;;;;;;;;;;x
tribal_modifier_13;Renowned Ruler (130);;;;;;;;;;;;;x
tribal_modifier_13_desc;[Root.GetTribalModifierDesc];;;;;;;;;;;;;x
tribal_modifier_14;Renowned Ruler (140);;;;;;;;;;;;;x
tribal_modifier_14_desc;[Root.GetTribalModifierDesc];;;;;;;;;;;;;x
tribal_modifier_15;Renowned Ruler (150);;;;;;;;;;;;;x
tribal_modifier_15_desc;[Root.GetTribalModifierDesc];;;;;;;;;;;;;x
tribal_modifier_16;Renowned Ruler (160);;;;;;;;;;;;;x
tribal_modifier_16_desc;[Root.GetTribalModifierDesc];;;;;;;;;;;;;x
tribal_modifier_17;Heroic Ruler (170);;;;;;;;;;;;;x
tribal_modifier_17_desc;[Root.GetTribalModifierDesc];;;;;;;;;;;;;x
tribal_modifier_18;Heroic Ruler (180);;;;;;;;;;;;;x
tribal_modifier_18_desc;[Root.GetTribalModifierDesc];;;;;;;;;;;;;x
tribal_modifier_19;Heroic Ruler (190);;;;;;;;;;;;;x
tribal_modifier_19_desc;[Root.GetTribalModifierDesc];;;;;;;;;;;;;x
tribal_modifier_20;Heroic Ruler (200);;;;;;;;;;;;;x
tribal_modifier_20_desc;[Root.GetTribalModifierDesc];;;;;;;;;;;;;x
tribal_modifier_-1;Disrespected Ruler (-10);;;;;;;;;;;;;x
tribal_modifier_-1_desc;[Root.GetTribalModifierDesc];;;;;;;;;;;;;x
tribal_modifier_-2;Disrespected Ruler (-20);;;;;;;;;;;;;x
tribal_modifier_-2_desc;[Root.GetTribalModifierDesc];;;;;;;;;;;;;x
tribal_modifier_-3;Disrespected Ruler (-30);;;;;;;;;;;;;x
tribal_modifier_-3_desc;[Root.GetTribalModifierDesc];;;;;;;;;;;;;x
tribal_modifier_-4;Weak Ruler (-40);;;;;;;;;;;;;x
tribal_modifier_-4_desc;[Root.GetTribalModifierDesc];;;;;;;;;;;;;x
tribal_modifier_-5;Weak Ruler (-50);;;;;;;;;;;;;x
tribal_modifier_-5_desc;[Root.GetTribalModifierDesc];;;;;;;;;;;;;x
tribal_modifier_-6;Weak Ruler (-60);;;;;;;;;;;;;x
tribal_modifier_-6_desc;[Root.GetTribalModifierDesc];;;;;;;;;;;;;x
tribal_modifier_-7;Weak Ruler (-70);;;;;;;;;;;;;x
tribal_modifier_-7_desc;[Root.GetTribalModifierDesc];;;;;;;;;;;;;x
tribal_modifier_-8;Hapless Ruler (-80);;;;;;;;;;;;;x
tribal_modifier_-8_desc;[Root.GetTribalModifierDesc];;;;;;;;;;;;;x
tribal_modifier_-9;Hapless Ruler (-90);;;;;;;;;;;;;x
tribal_modifier_-9_desc;[Root.GetTribalModifierDesc];;;;;;;;;;;;;x
tribal_modifier_-10;Hapless Ruler (-100);;;;;;;;;;;;;x
tribal_modifier_-10_desc;[Root.GetTribalModifierDesc];;;;;;;;;;;;;x
tribal_modifier_-11;Hapless Ruler (-110);;;;;;;;;;;;;x
tribal_modifier_-11_desc;[Root.GetTribalModifierDesc];;;;;;;;;;;;;x
tribal_modifier_-12;Vilified Ruler (-120);;;;;;;;;;;;;x
tribal_modifier_-12_desc;[Root.GetTribalModifierDesc];;;;;;;;;;;;;x
tribal_modifier_-13;Vilified Ruler (-130);;;;;;;;;;;;;x
tribal_modifier_-13_desc;[Root.GetTribalModifierDesc];;;;;;;;;;;;;x
tribal_modifier_-14;Vilified Ruler (-140);;;;;;;;;;;;;x
tribal_modifier_-14_desc;[Root.GetTribalModifierDesc];;;;;;;;;;;;;x
tribal_modifier_-15;Vilified Ruler (-150);;;;;;;;;;;;;x
tribal_modifier_-15_desc;[Root.GetTribalModifierDesc];;;;;;;;;;;;;x
tribal_modifier_desc;A tribal ruler's ability to raise warriors and command respect among their vassals depends heavily on their §Gmartial§! skill and especially §Gprestige§!, balanced against their realm's §Rnumber of provinces§! and §RTribal Organization Laws§! which make it more difficult to properly exert their authority. High Tribal rulers are less dependent on their personal characteristics and have significantly decreased bonuses - and penalties - than Tribal rulers.;;;;;;;;;;;;;x
imperial_negative_money_1;Minor Financial Crisis;;;;;;;;;;;;;x
imperial_negative_money_1_desc;The [Root.PrimaryTitle.GetFullName] is undergoing a minor financial crisis and is currently unable to meet all of their obligations in a timely manner.;;;;;;;;;;;;;x
imperial_negative_money_2;Financial Crisis;;;;;;;;;;;;;x
imperial_negative_money_2_desc;The [Root.PrimaryTitle.GetFullName] is undergoing a financial crisis, with soldiers and bureaucrats disgruntled at the untimely manner of their pay.;;;;;;;;;;;;;x
imperial_negative_money_3;Significant Financial Crisis;;;;;;;;;;;;;x
imperial_negative_money_3_desc;The [Root.PrimaryTitle.GetFullName] is undergoing a significant financial crisis. The treasury is deeply in debt and soldiers are going unpaid at times, undermining the emperor's authority.;;;;;;;;;;;;;x
imperial_negative_money_4;Major Financial Crisis;;;;;;;;;;;;;x
imperial_negative_money_4_desc;The [Root.PrimaryTitle.GetFullName] is undergoing a major financial crisis. The treasury is deeply in debt and soldiers are going unpaid, severely undermining the emperor's authority.;;;;;;;;;;;;;x
imperial_negative_money_5;Severe Financial Crisis;;;;;;;;;;;;;x
imperial_negative_money_5_desc;The [Root.PrimaryTitle.GetFullName] is undergoing a severe financial crisis. The treasury is completely unable to meet its obligations and the army is in a state of open revolt.;;;;;;;;;;;;;x
britannia_mint_modifier;Royal Mint of Britannia;;;;;;;;;;;;;x
britannia_mint_modifier_desc;The Royal Mint strikes coins in circulation in this character's realm, providing a general economic and trade boost.;;;;;;;;;;;;;x
britannia_centralized_church_modifier;[GetBritanniaCentralizedChurchModifierName];;;;;;;;;;;;;x
britannia_centralized_church_modifier_christian;Archbishopric of Londinium Restored;;;;;;;;;;;;;x
britannia_centralized_church_modifier_pagan;Brythonic State Church Established;;;;;;;;;;;;;x
britannia_centralized_church_modifier_desc;[GetBritanniaCentralizedChurchModifierDesc];;;;;;;;;;;;;x
britannia_centralized_church_modifier_desc_christian;The [Root.Religion.GetName] faithful of Britannia have been brought back together under the restored Archbishop of Londinium, through the patronage of [Root.GetTitledName].;;;;;;;;;;;;;x
britannia_centralized_church_modifier_desc_pagan;The [Root.Religion.GetName] faithful of Britannia have been unified together through the established state church, under the patronage of [Root.GetTitledName].;;;;;;;;;;;;;x
britannia_heir_of_caratacus;Heir of Caratacus;;;;;;;;;;;;;x
britannia_heir_of_caratacus_desc;The High Kings of Britannia have declared themselves successors of the great King Caratacus and the proper rulers of all the Celts.;;;;;;;;;;;;;x
tribal_vassal_of_feudal;Vassal Tribe;;;;;;;;;;;;;x
tribal_vassal_of_feudal_desc;This tribal ruler is vassal to a feudal realm, allowing for easier and more efficient development.;;;;;;;;;;;;;x
great_leader_anglosaxon;Hero of the Anglo-Saxons;;;;;;;;;;;;;x
great_leader_anglosaxon_desc;This character is a hero among the Anglo-Saxons, who believe that [This.GetSheHe] will destroy the Britons and restore the Saxons to their rightful place over Aenglaland.;;;;;;;;;;;;;x
base_retinue_size;Base Retinue Size;;;;;;;;;;;;;x
bretwalda_defeated;Loss of Authority;;;;;;;;;;;;;x
bretwalda_defeated_desc;The Bretwalda was recently met in a devastating defeat against his rivals and seems unable to defend the kingdom. Many are now wondering if [Root.GetSheHe] really has what it takes to rule over [e_aengland.GetBaseName].;;;;;;;;;;;;;x
barbarian_emperor;Barbarian Emperor;;;;;;;;;;;;;x
barbarian_emperor_desc;This character's barbarian culture and customs is an affront to Imperial traditions and [This.GetSheHe] is widely regarded as an illegitimate pretender by all proper Romans.;;;;;;;;;;;;;x
# PROVINCE MODIFIERS;;;;;;;;;;;;;x
province_flood;Flooded Land;;;;;;;;;;;;;;x
province_flood_desc;Recent torrential rainfall has seen much of the lowlands in this province becoming flooded with water.;;;;;;;;;;;;;;x
province_flood_neglected_peasants;Flooded Land and Peasant Dismay;;;;;;;;;;;;;;x
province_flood_neglected_peasants_desc;The peasants of this province have been harshly affected by the recent stormy weather, and their liege lord refused to provide any support.;;;;;;;;;;;;;;x
arbitrary_steward;Unrestful Population;;;;;;;;;;;;;x
arbitrary_steward_desc;Injustice and violence have upset the locals in this province.;;;;;;;;;;;;;x
peasants_upset;Unrestful Population;;;;;;;;;;;;;x
peasants_upset_desc;Injustice and violence have upset the locals in this province.;;;;;;;;;;;;;x
mediterranean_trade_port;Mediterranean Trading Routes;;;;;;;;;;;;;x
forced_work;Forced Labour;;;;;;;;;;;;;x
seized_peasants;Seized Peasants;;;;;;;;;;;;;x
intelligent_steward;Improved Trading;;;;;;;;;;;;;x
marshal_highway_robbers;Free from Robbers;;;;;;;;;;;;;x
tight_ruler;Tight Ruler;;;;;;;;;;;;;x
opinion_refused_city_tax_law;Refused Lower Taxes;;;;;;;;;;;;;x
opinion_accepted_city_tax_law;Accepted Lower Taxes;;;;;;;;;;;;;x
marshal_improves_capital;Improved Military Administration;;;;;;;;;;;;;x
held_rel_authority_council;Council of Theologists;;;;;;;;;;;;;x
held_rel_authority_council_desc;The work of a religious delegation in this province has recently increased religion authority.;;;;;;;;;;;;;x
plague_prevention;Plague Laws;;;;;;;;;;;;;x
plague_prevention_desc;Restrictive laws are being enforced in this province to prevent an outbreak or to avoid the spreading of the dreaded 'Plague of Justinian'.;;;;;;;;;;;;;x
stop_commerce;Forbidden Trade in Church Squares;;;;;;;;;;;;;x
peasants_forbidden_sale;Regulated Town Trade;;;;;;;;;;;;;x
clergy_extra_tithe;Additional Church Tithe Collected;;;;;;;;;;;;;x
prima_noctae;Ius Primae Noctis;;;;;;;;;;;;;x
town_appreciate;Town Traders Favor;;;;;;;;;;;;;x
town_appreciate_desc;The diplomatic skills of your chancellor have made the traders in the town appreciate you more.;;;;;;;;;;;;;x
castle_appreciate;Feudal Lords Favor;;;;;;;;;;;;;x
castle_appreciate_desc;The diplomatic skills of your chancellor have made the feudal lords in this province appreciate you more.;;;;;;;;;;;;;x
troops_likes_marshal;Increased Morale;;;;;;;;;;;;;x
troops_increases;Recruiting and Training;;;;;;;;;;;;;x
steward_taxincome;Increased Tax Income;;;;;;;;;;;;;x
steward_revoltrisk;Steward Calms Peasants;;;;;;;;;;;;;x
increase_arrest_chance;Increased Town Watch;;;;;;;;;;;;;x
increase_assassinate_chance;Assassination Schemes;;;;;;;;;;;;;x
anglosaxon_settlement;Anglo-Saxon Settlements;;;;;;;;;;;;;x
tribal_settlements;Tribal Settlements;;;;;;;;;;;;;x
brythonic_settlements;Brythonic Settlements;;;;;;;;;;;;;x
brythonic_settlements_desc;This province has been settled by Britons fleeing from war and civil strife in their homeland.;;;;;;;;;;;;;x
brythonic_settlements_foreign;Brythonic Settlements;;;;;;;;;;;;;x
brythonic_settlements_foreign_desc;This province has been settled by Britons fleeing from war and civil strife in their homeland.;;;;;;;;;;;;;x
large_brythonic_settlements;Large Brythonic Settlements;;;;;;;;;;;;;x
large_brythonic_settlements_desc;This province has been settled by a large number of Britons fleeing from war and civil strife in their homeland.;;;;;;;;;;;;;x
large_brythonic_settlements_foreign;Large Brythonic Settlements;;;;;;;;;;;;;x
large_brythonic_settlements_desc_foreign;This province has been settled by a large number of Britons fleeing from war and civil strife in their homeland.;;;;;;;;;;;;;x
lightly_depopulated;Lightly Depopulated;;;;;;;;;;;;;x
lightly_depopulated_desc;This province has been somewhat depopulated by people fleeing war and disease for a safer home elsewhere.;;;;;;;;;;;;;x
depopulated;Depopulated;;;;;;;;;;;;;x
depopulated_desc;Fields lie empty and towns abandoned as war, disease, and civil strife has led to massive emigration and the depopulation of this province.;;;;;;;;;;;;;x
depopulated_anglia;Depopulated;;;;;;;;;;;;;x
depopulated_anglia_desc;Emigration across the sea to Britannia has left much of this province depopulated.;;;;;;;;;;;;;x
heavily_depopulated_anglia;Hevaily Depopulated;;;;;;;;;;;;;x
heavily_depopulated_anglia_desc;Virtually all of the province's population has left to seek new lands and homes in Britannia, leaving it mostly empty and open to foreign settlers.;;;;;;;;;;;;;x
anglia_unstable_realm;Unstable Realm;;;;;;;;;;;;;x
anglia_unstable_realm_desc;The end of Aelle's reign has left Anglia in a state of uncertainty and instability. This ruler will have a difficult time holding the disparate tribes of the kingdom together.;;;;;;;;;;;;;x
anglia_unstable_realm_2;Unstable Realm;;;;;;;;;;;;;x
anglia_unstable_realm_2_desc;The end of Aelle's reign has left Anglia in a state of uncertainty and instability. This ruler will have a difficult time holding the disparate tribes of the kingdom together.;;;;;;;;;;;;;x
sussex_unstable_realm;Unstable Realm;;;;;;;;;;;;;x
sussex_unstable_realm_desc;The end of Cerdic's reign has left South Seaxe in a state of uncertainty and instability. This ruler will have a difficult time holding the disparate tribes of the kingdom together.;;;;;;;;;;;;;x
depopulated_1;Minor Depopulation;Dépopulation mineure;Geringer Bevölkerungsverlust;;Despoblación menor;;;;;;;;;x
depopulated_1_desc;This county has been depopulated to a minor extent as a result of an epidemic or migration. When conditions improve it will repopulate quickly.;La population de ce comté a chuté suite à une épidémie. Quand les maladies ne le frapperont plus, celui-ci se repeuplera rapidement.;Aufgrund einer Epidemie ging die Bevölkerungsanzahl in dieser Provinz leicht zurück. Sobald die Krankheiten in dieser Provinz ausgemerzt sind, wird sich die Bevölkerung schnell erholen.;;Esta provincia ha sido despoblada a escala menor a causea de una epidemia. Cuando la enfermedad deje la provincia, se repoblará rápidamente.;;;;;;;;;x
depopulated_2;Significant Depopulation;Dépopulation significative;Bedeutsamer Bevölkerungsverlust;;Despoblación significativa;;;;;;;;;x
depopulated_2_desc;This county has been significantly depopulated as a result of an epidemic or significant migration. When conditions improve it will repopulate over several years.;La population de ce comté a chuté modérément suite à une épidémie. Quand les maladies ne le frapperont plus, celui-ci se repeuplera pendant plusieurs années.;Aufgrund einer Epidemie ging die Bevölkerungsanzahl in dieser Provinz erheblich zurück. Sobald die Krankheiten in dieser Provinz ausgemerzt sind, wird sich die Bevölkerung im Lauf einiger Jahre erholen.;;Esta provincia ha sido significativamente despoblada a causa de una epidemia. Cuando la enfermedad deje la provincia, se repoblará al cabo de unos años.;;;;;;;;;x
depopulated_3;Severe Depopulation;Forte dépopulation;Schwerwiegender Bevölkerungsverlust;;Despoblación grave;;;;;;;;;x
depopulated_3_desc;This county has been depopulated to a severe extent as a result of an epidemic or substantial migration. When conditions improve it will take many years to repopulate.;La population de ce comté a chuté fortement suite à une épidémie. Quand les maladies ne le frapperont plus, celui-ci se repeuplera pendant de nombreuses années.;Aufgrund einer Epidemie ging die Bevölkerungsanzahl in dieser Provinz extrem zurück. Sobald die Krankheiten in dieser Provinz ausgemerzt sind, wird sich die Bevölkerung nur über viele Jahre hinweg erholen.;;Esta provincia se ha despoblado muy gravemente a causa de una epidemia. Cuando la enfermedad deje la provincia, llevará muchos años hasta repoblarse.;;;;;;;;;x
secret_catholic_community;Secret Nicene Community;;;;;;;;;;;;;x
secret_catholic_community_desc;In secret, Nicene faithfuls have organized around a small church community in this province. From there it converts others, grows, and protects their own.;;;;;;;;;;;;;x
secret_pelagian_community;Secret Pelagian Community;;;;;;;;;;;;;x
secret_pelagian_community_desc;In secret, Pelagian faithfuls have organized around a small church community in this province. From there it converts others, grows, and protects their own.;;;;;;;;;;;;;x
secret_nestorian_community;Secret Nestorian Community;;;;;;;;;;;;;x
secret_nestorian_community_desc;In secret, Nestorian faithfuls have organized around a small church community in this province. From there it converts others, grows, and protects their own.;;;;;;;;;;;;;x
secret_priscillian_community;Secret Priscillian Community;;;;;;;;;;;;;x
secret_priscillian_community_desc;In secret, Priscillian faithfuls have organized around a small church community in this province. From there it converts others, grows, and protects their own.;;;;;;;;;;;;;x
secret_arian_community;Secret Arian Community;;;;;;;;;;;;;x
secret_arian_community_desc;In secret, Arian faithfuls have organized around a small church community in this province. From there it converts others, grows, and protects their own.;;;;;;;;;;;;;x
secret_gnostic_community;Secret Gnostic Community;;;;;;;;;;;;;x
secret_gnostic_community_desc;In secret, Gnostic faithfuls have organized around a small church community in this province. From there it converts others, grows, and protects their own.;;;;;;;;;;;;;x
secret_ibadi_community;Secret Ibadi Community;;;;;;;;;;;;;x
secret_ibadi_community_desc;In secret, Ibadi faithfuls have organized themselves as a community in this province. From there it converts others, grows, and protects their own.;;;;;;;;;;;;;x
secret_manichean_community;Secret Manichaean Community;;;;;;;;;;;;;x
secret_manichean_community_desc;In secret, Manichaean faithfuls have organized themselves as a community in this province. From there it converts others, grows, and protects their own.;;;;;;;;;;;;;x
secret_briton_pagan_community;Secret Brythonic Community;;;;;;;;;;;;;x
secret_briton_pagan_community_desc;In secret, Brythonic faithfuls have organized themselves as a community in this province. From there it converts others, grows, and protects their own.;;;;;;;;;;;;;x
secret_pict_pagan_community;Secret Pictish Community;;;;;;;;;;;;;x
secret_pict_pagan_community_desc;In secret, Pictish faithfuls have organized themselves as a community in this province. From there it converts others, grows, and protects their own.;;;;;;;;;;;;;x
secret_gael_pagan_community;Secret Gaelic Community;;;;;;;;;;;;;x
secret_gael_pagan_community_desc;In secret, Gaelic faithfuls have organized themselves as a community in this province. From there it converts others, grows, and protects their own.;;;;;;;;;;;;;x
secret_norse_pagan_community;Secret Norse Community;;;;;;;;;;;;;x
secret_norse_pagan_community_desc;In secret, Norse faithfuls have organized themselves as a community in this province. From there it converts others, grows, and protects their own.;;;;;;;;;;;;;x
secret_germanic_pagan_community;Secret Anglo-Saxon Community;;;;;;;;;;;;;x
secret_germanic_pagan_community_desc;In secret, Anglo-Saxon faithfuls have organized themselves as a community in this province. From there it converts others, grows, and protects their own.;;;;;;;;;;;;;x
secret_frankish_pagan_community;Secret Frankish Community;;;;;;;;;;;;;x
secret_frankish_pagan_community_desc;In secret, Frankish faithfuls have organized themselves as a community in this province. From there it converts others, grows, and protects their own.;;;;;;;;;;;;;x
secret_suebic_pagan_community;Secret Suebic Community;;;;;;;;;;;;;x
secret_suebic_pagan_community_desc;In secret, Suebic faithfuls have organized themselves as a community in this province. From there it converts others, grows, and protects their own.;;;;;;;;;;;;;x
secret_gothic_pagan_community;Secret Gothic Community;;;;;;;;;;;;;x
secret_gothic_pagan_community_desc;In secret, Gothic faithfuls have organized themselves as a community in this province. From there it converts others, grows, and protects their own.;;;;;;;;;;;;;x
secret_alan_pagan_community;Secret Scythian Community;;;;;;;;;;;;;x
secret_alan_pagan_community_desc;In secret, Scythian faithfuls have organized themselves as a community in this province. From there it converts others, grows, and protects their own.;;;;;;;;;;;;;x
secret_vasconic_pagan_community;Secret Vasconic Community;;;;;;;;;;;;;x
secret_vasconic_pagan_community_desc;In secret, Vasconic faithfuls have organized themselves as a community in this province. From there it converts others, grows, and protects their own.;;;;;;;;;;;;;x
secret_briton_pagan_reformed_community;Secret Brythonic Community;;;;;;;;;;;;;x
secret_briton_pagan_reformed_community;In secret, Brythonic faithfuls have organized themselves as a community in this province. From there it converts others, grows, and protects their own.;;;;;;;;;;;;;x
secret_pict_pagan_reformed_community;Secret Pictish Community;;;;;;;;;;;;;x
secret_pict_pagan_reformed_community_desc;In secret, Pictish faithfuls have organized themselves as a community in this province. From there it converts others, grows, and protects their own.;;;;;;;;;;;;;x
secret_gael_pagan_reformed_community;Secret Gaelic Community;;;;;;;;;;;;;x
secret_gael_pagan_reformed_community_desc;In secret, Gaelic faithfuls have organized themselves as a community in this province. From there it converts others, grows, and protects their own.;;;;;;;;;;;;;x
secret_norse_pagan_reformed_community;Secret Norse Community;;;;;;;;;;;;;x
secret_norse_pagan_reformed_community_desc;In secret, Norse faithfuls have organized themselves as a community in this province. From there it converts others, grows, and protects their own.;;;;;;;;;;;;;x
secret_germanic_pagan_reformed_community;Secret Anglo-Saxon Community;;;;;;;;;;;;;x
secret_germanic_pagan_reformed_community_desc;In secret, Anglo-Saxon faithfuls have organized themselves as a community in this province. From there it converts others, grows, and protects their own.;;;;;;;;;;;;;x
secret_frankish_pagan_reformed_community;Secret Frankish Community;;;;;;;;;;;;;x
secret_frankish_pagan_reformed_community_desc;In secret, Frankish faithfuls have organized themselves as a community in this province. From there it converts others, grows, and protects their own.;;;;;;;;;;;;;x
secret_suebic_pagan_reformed_community;Secret Suebic Community;;;;;;;;;;;;;x
secret_suebic_pagan_reformed_community_desc;In secret, Suebic faithfuls have organized themselves as a community in this province. From there it converts others, grows, and protects their own.;;;;;;;;;;;;;x
secret_gothic_pagan_reformed_community;Secret Gothic Community;;;;;;;;;;;;;x
secret_gothic_pagan_reformed_community_desc;In secret, Gothic faithfuls have organized themselves as a community in this province. From there it converts others, grows, and protects their own.;;;;;;;;;;;;;x
secret_alan_pagan_reformed_community;Secret Scythian Community;;;;;;;;;;;;;x
secret_alan_pagan_reformed_community_community_desc;In secret, Scythian faithfuls have organized themselves as a community in this province. From there it converts others, grows, and protects their own.;;;;;;;;;;;;;x
secret_vasconic_pagan_reformed_community;Secret Vasconic Community;;;;;;;;;;;;;x
secret_vasconic_pagan_reformed_community_community_desc;In secret, Vasconic faithfuls have organized themselves as a community in this province. From there it converts others, grows, and protects their own.;;;;;;;;;;;;;x
secret_roman_pagan_community;Secret Hellenic Community;;;;;;;;;;;;;x
secret_roman_pagan_community_desc;In secret, Hellenic faithfuls have organized themselves as a community in this province. From there it converts others, grows, and protects their own.;;;;;;;;;;;;;x
secret_roman_pagan_reformed_community;Secret Hellenic Community;;;;;;;;;;;;;x
secret_roman_pagan_reformed_community_desc;In secret, Hellenic faithfuls have organized themselves as a community in this province. From there it converts others, grows, and protects their own.;;;;;;;;;;;;;x
secret_sol_invictus_community;Secret Sol Invictus Community;;;;;;;;;;;;;x
secret_sol_invictus_community_desc;In secret, Sol Invictus faithfuls have organized themselves as a community in this province. From there it converts others, grows, and protects their own.;;;;;;;;;;;;;x
secret_titan_pagan_community;Secret Titan Community;;;;;;;;;;;;;x
secret_titan_pagan_community_desc;In secret, Titan faithfuls have organized themselves as a community in this province. From there it converts others, grows, and protects their own.;;;;;;;;;;;;;x
secret_promethean_pagan_community;Secret Promethean Community;;;;;;;;;;;;;x
secret_promethean_pagan_community_desc;In secret, Promethean faithfuls have organized themselves as a community in this province. From there it converts others, grows, and protects their own.;;;;;;;;;;;;;x
legion_castrum_modifier_1;Legionary Camp;;;;;;;;;;;;;x
legion_castrum_modifier_2;Legionary Castrum;;;;;;;;;;;;;x
roman_colonies;Roman Colonies;;;;;;;;;;;;;x
roman_colonies_desc;A number of new Roman colonies was recently founded in this province.;;;;;;;;;;;;;x
cultural_bonds;Cultural Bonds;;;;;;;;;;;;;x
maxima_caesariensis_decaying_realm;Decaying Realm;;;;;;;;;;;;;x
maxima_caesariensis_decaying_realm_desc;The Romanized administration of Maxima Cæsariensis is weakening, with the central government increasingly unable to exert its authority over the outlying areas. The realm is holding together for now, but a major shock from plague or rebellion without a strong figure to hold the realm together could spell the end of the unified province.;;;;;;;;;;;;;x
recently_raised_high_king_authority;Recently Increased High King Authority;;;;;;;;;;;;;x
tolerant_reformed_religion_non_tribal;Pagan Tolerance;;;;;;;;;;;;;x
tolerant_reformed_religion_tribal;Pagan Tolerance;;;;;;;;;;;;;x
cosmopolitan_religion_non_tribal;Cosmopolitan Pagan Tolerance;;;;;;;;;;;;;x
cosmopolitan_religion_tribal;Cosmopolitan Pagan Tolerance;;;;;;;;;;;;;x
anglo_saxons_peaceful;Anglo-Saxons Pacified;;;;;;;;;;;;;x
anglo_saxons_peaceful_desc;For as-yet unclear reasons, the Anglo-Saxon populace of this province have become more docile and peaceable in last few years.;;;;;;;;;;;;;x
anglo_saxons_uprising;Anglo-Saxon Uprising;;;;;;;;;;;;;x
anglo_saxons_uprising_desc;The Anglo-Saxon population of this province is restless and some have risen in revolt, impairing the ability of the local authorities to recruit armies and defend the province.;;;;;;;;;;;;;x
province_not_dejure_liege;Different De Jure Kingdom;;;;;;;;;;;;;x
province_not_dejure_liege_desc;The nobles of this province are chafing under the rule of what they see as a foreign ruler.\n\nThis modifier is applied to all Anglo-Saxon provinces that are not a de jure part of your §YPrimary Kingdom§!. §YIntegrating§! the duchy into your primary kingdom (if applicable) or successfully §Yuniting§! all of [e_aengland.GetName] will remove this modifier.;;;;;;;;;;;;;x
bretwalda_defeated_revolt_risk;Loss of Authority;;;;;;;;;;;;;x
bretwalda_defeated_revolt_risk_desc;The Bretwalda was recently met in a devastating defeat against his rivals and seems unable to defend the kingdom. Many are now wondering if the Bretwalda really has what it takes to rule over [e_aengland.GetBaseName].;;;;;;;;;;;;;x
tribal_wrong_culture_group;Different Culture Group (Tribal);;;;;;;;;;;;;x
tribal_government_province_modifier;Tribal Government;;;;;;;;;;;;;x
high_tribal_government_province_modifier;High Tribal Government;;;;;;;;;;;;;x
successful_plot;Successful Plot;;;;;;;;;;;;;x
successful_plot_desc;This character has recently seen one of [Root.GetHerHis] plots to success.;;;;;;;;;;;;;x
local_resistance_1;Remote Hostility;;;;;;;;;;;;;x
local_resistance_1_desc;[Root.GetLocalResistanceDesc];;;;;;;;;;;;;x
local_resistance_2;Remote Hostility;;;;;;;;;;;;;x
local_resistance_2_desc;[Root.GetLocalResistanceDesc];;;;;;;;;;;;;x
local_resistance_3;Remote Hostility;;;;;;;;;;;;;x
local_resistance_3_desc;[Root.GetLocalResistanceDesc];;;;;;;;;;;;;x
local_resistance_1_quiet;Remote Hostility (Local Rule);;;;;;;;;;;;;x
local_resistance_1_quiet_desc;The [Root.Culture.GetName] people of [Root.GetName] are resentful of foreign rule over the region. If not handled properly the province could easily become the epicenter of a major revolt.\n\nTo fully assert our control we will need to §YPacify§! the province, though this will be a expensive and lengthy process. Appointing a vassal of the §Ylocal culture§! will remove the penalties during the pacification process - though we cannot be sure of their loyalty - while establishing §YMarcher Lords§! in the region will allow us to defend against revolts more easily.\n\n[Root.GetPacificationStatus];;;;;;;;;;;;;x # \n[Root.GetNationalistRevoltStatus];;;;;;;;;;;;;x
local_resistance_2_quiet;Remote Hostility (Local Rule);;;;;;;;;;;;;x
local_resistance_2_quiet_desc;The [Root.Culture.GetName] people of [Root.GetName] are resentful of foreign rule over the region. If not handled properly the province could easily become the epicenter of a major revolt.\n\nTo fully assert our control we will need to §YPacify§! the province, though this will be a expensive and lengthy process. Appointing a vassal of the §Ylocal culture§! will remove the penalties during the pacification process - though we cannot be sure of their loyalty - while establishing §YMarcher Lords§! in the region will allow us to defend against revolts more easily.\n\n[Root.GetPacificationStatus];;;;;;;;;;;;;x # \n[Root.GetNationalistRevoltStatus];;;;;;;;;;;;;x
local_resistance_3_quiet;Remote Hostility (Local Rule);;;;;;;;;;;;;x
local_resistance_3_quiet_desc;The [Root.Culture.GetName] people of [Root.GetName] are resentful of foreign rule over the region. If not handled properly the province could easily become the epicenter of a major revolt.\n\nTo fully assert our control we will need to §YPacify§! the province, though this will be a expensive and lengthy process. Appointing a vassal of the §Ylocal culture§! will remove the penalties during the pacification process - though we cannot be sure of their loyalty - while establishing §YMarcher Lords§! in the region will allow us to defend against revolts more easily.\n\n[Root.GetPacificationStatus];;;;;;;;;;;;;x # \n[Root.GetNationalistRevoltStatus];;;;;;;;;;;;;x
local_resistance_1_march;Remote Hostility;;;;;;;;;;;;;x
local_resistance_1_march_desc;[Root.GetLocalResistanceDesc];;;;;;;;;;;;;x
local_resistance_2_march;Remote Hostility;;;;;;;;;;;;;x
local_resistance_2_march_desc;[Root.GetLocalResistanceDesc];;;;;;;;;;;;;x
local_resistance_3_march;Remote Hostility;;;;;;;;;;;;;x
local_resistance_3_march_desc;[Root.GetLocalResistanceDesc];;;;;;;;;;;;;x
local_resistance_desc;The [Root.Culture.GetName] people of [Root.GetName] are hostile to foreign rule and are resisting attempts to assert our authority over the region. If not handled properly the province could easily become the epicenter of a major revolt.\n\nTo fully assert our control we will need to §YPacify§! the province, though this will be a expensive and lengthy process. Appointing a vassal of the §Ylocal culture§! will remove the penalties during the pacification process - though we cannot be sure of their loyalty - while establishing §YMarcher Lords§! in the region will allow us to defend against revolts more easily.\n\n[Root.GetPacificationStatus];;;;;;;;;;;;;x # \n[Root.GetNationalistRevoltStatus];;;;;;;;;;;;;x
local_resistance_no_pacification;[Root.GetName] is §RNOT§! currently being pacified.;;;;;;;;;;;;;x
local_resistance_pacification;Years of Pacification Remaining: §R[Root.pacification_years_remaining.GetValue]§!\nPacification progress will be stopped if any holding in the province is occupied in an external war and can be reversed if any holdings are taken by revolts. The severity of Remote Hostility will decrease at §Y25§! and §Y10§! remaining years of pacification, disappearing completely at §Y0§!.;;;;;;;;;;;;;x
local_resistance_nationalist_revolt_status_0;Current Major Revolt Progress: §R0§! [Root.GetNationalistRevoltProgressDesc]\nEstimated Revolt Size: [GetNationalistRevoltEstimatedSize]\nMajor Revolt progress ticks upwards every year depending on the number of unpacified provinces in the realm and its marches and their current pacification status. §YMarches§! reduce the contribution of their provinces to revolt progress, while provinces controlled by lords of the §Ylocal culture§! will have a slightly increased contribution. When revolt progress reaches §Y100§! you face the risk of a §RMajor Uprising§!, possibly drawing in hostile vassals and neighbouring lords.;;;;;;;;;;;;;x
local_resistance_nationalist_revolt_status;Current Major Revolt Progress: §R[Root.nationalist_revolt_progress.GetValue]§! [Root.GetNationalistRevoltProgressDesc]\nEstimated Revolt Size: [GetNationalistRevoltEstimatedSize]\nMajor Revolt progress ticks upwards every year depending on the number of unpacified provinces in the realm and its marches and their current pacification status. §YMarches§! reduce the contribution of their provinces to revolt progress, while provinces controlled by lords of the §Ylocal culture§! will have a slightly increased contribution. When revolt progress reaches §Y100§! you face the risk of a §RMajor Uprising§!, possibly led by or drawing in hostile vassals and neighbouring lords.;;;;;;;;;;;;;x
local_resistance_nationalist_revolt_progress_low;(Low);;;;;;;;;;;;;x
local_resistance_nationalist_revolt_progress_medium;(§YMedium§!);;;;;;;;;;;;;x
local_resistance_nationalist_revolt_progress_high;(§RHigh§!);;;;;;;;;;;;;x
local_resistance_nationalist_revolt_progress_imminent;(§RImminent§!);;;;;;;;;;;;;x
local_resistance_nationalist_revolt_estimate_LT_3000;0-3000;;;;;;;;;;;;;x
local_resistance_nationalist_revolt_estimate_3000_6000;3000-6000;;;;;;;;;;;;;x
local_resistance_nationalist_revolt_estimate_6000_9000;§Y6000-9000§!;;;;;;;;;;;;;x
local_resistance_nationalist_revolt_estimate_9000_12000;§Y9000-12000§!;;;;;;;;;;;;;x
local_resistance_nationalist_revolt_estimate_12000_15000;§R12000-15000§!;;;;;;;;;;;;;x
local_resistance_nationalist_revolt_estimate_GT_15000;§R15000+§!;;;;;;;;;;;;;x
# OPINION MODIFIERS
opinion_left_to_rot;Left to Rot in Prison;;;;;;;;;;;;;x
opinion_looted_holding;Looted Holding;;;;;;;;;;;;;x
opinion_razed_holding;Razed Holding;;;;;;;;;;;;;x
devious_plotter;Devious Schemer;;;;;;;;;;;;;x
opinion_plot_help;Diplomatic Overtures;;;;;;;;;;;;;x
pope_heathen_removal_approve;Removed Pagans from Council;;;;;;;;;;;;x
pope_heathen_removal_approve_2;Banished Pagans;;;;;;;;;;;;x
pope_heathen_removal_approve_3;Imprisoned Pagans;;;;;;;;;;;;x
resentful_of_my_behaviour;Resentful;;;;;;;;;;;;;x
force_vassalized;Oath of Fealty;;;;;;;;;;;;;x
opinion_count_wrong_gov_vs_liege;Different Type of Government;;;;;;;;;;;;x
opinion_job_security_concerns;Council Job Change;;;;;;;;;;;;;x
opinion_realm_foreign_culture;Ethnic Differences;;;;;;;;;;;;;x
opinion_realm_related_culture;Cultural Differences;;;;;;;;;;;;;x
opinion_foreign_culture;Ethnic Differences;;;;;;;;;;;;;x
opinion_related_culture;Cultural Differences;;;;;;;;;;;;;x
opinion_infidel;Religious Differences;;;;;;;;;;;;;x
opinion_heretic;Misbeliever;;;;;;;;;;;;;x
opinion_related_religion;Religious Differences;;;;;;;;;;;;;x
opinion_stolen_sword;Stole Excalibur;;;;;;;;;;;;;x
opinion_killed_family;Killed a Family Member;;;;;;;;;;;;;x
opinion_denounced_mithraism;Exposed Brotherhood of Mithras;;;;;;;;;;;;;x
opinion_father;My Father;;;;;;;;;;;;;x
opinion_mother;My Mother;;;;;;;;;;;;;x
opinion_sibling;My Sibling;;;;;;;;;;;;;x
opinion_brother;My Brother;;;;;;;;;;;;;x
opinion_sister;My Sister;;;;;;;;;;;;;x
opinion_grandfather;My Grandfather;;;;;;;;;;;;;x
opinion_grandmother;My Grandmother;;;;;;;;;;;;;x
opinion_child;My Child;;;;;;;;;;;;;x
opinion_grandchild;My Grandchild;;;;;;;;;;;;;x
opinion_uncle;My Uncle;;;;;;;;;;;;;x
opinion_aunt;My Aunt;;;;;;;;;;;;;x
opinion_nephew;My Nephew;;;;;;;;;;;;;x
opinion_niece;My Niece;;;;;;;;;;;;;x
opinion_cousin;My Cousin;;;;;;;;;;;;;x
opinion_husband;My Husband;;;;;;;;;;;;;x
opinion_wife;My Wife;;;;;;;;;;;;;x
opinion_father_in_law;My Father-in-Law;;;;;;;;;;;;;x
opinion_mother_in_law;My Mother-in-Law;;;;;;;;;;;;;x
opinion_son_in_law;My Son-in-Law;;;;;;;;;;;;;x
opinion_daughter_in_law;My Daughter-in-Law;;;;;;;;;;;;;x
opinion_brother_in_law;My Brother-in-Law;;;;;;;;;;;;;x
opinion_sister_in_law;My Sister-in-Law;;;;;;;;;;;;;x
opinion_betrayed_britannia;Betrayed Britannia;;;;;;;;;;;;;x
opinion_refused_sacea;Refused to attend Sacea;;;;;;;;;;;;;x
opinion_held_sacea;Held Sacea;;;;;;;;;;;;;x
opinion_inspiring_leader;Great Leader;;;;;;;;;;;;;x
opinion_accepted_vassalage;Accepted Vassalage;;;;;;;;;;;;;x
opinion_large_payment;Large Donativum;;;;;;;;;;;;;x
opinion_refused_payment;Refused Donativum;;;;;;;;;;;;;x
opinion_raised_high_king_authority;Raised High King Authority;;;;;;;;;;;;;x
opinion_britannia_restored_senate;Abandoning Celtic Traditions;;;;;;;;;;;;;x
opinion_demanded_vassalage;Demanded Vassalage;;;;;;;;;;;;;x
# MODIFIER DEFINITIONS
briton_pagan_opinion;Brythonic Opinion;;;;;;;;;;;;;x
briton_pagan_reformed_opinion;Reformed Brythonic Opinion;;;;;;;;;;;;;x
britannic_pagan_opinion;Britannic Opinion;;;;;;;;;;;;;x
pict_pagan_opinion;Pictish Opinion;;;;;;;;;;;;;x
pict_pagan_reformed_opinion;Reformed Pictish Opinion;;;;;;;;;;;;;x
gael_pagan_opinion;Gaelic Opinion;;;;;;;;;;;;;x
gael_pagan_reformed_opinion;Reformed Gaelic Opinion;;;;;;;;;;;;;x
norse_pagan_opinion;Norse Opinion;;;;;;;;;;;;;x
norse_pagan_reformed_opinion;Reformed Norse Opinion;;;;;;;;;;;;;x
germanic_pagan_opinion;Anglo-Saxon Opinion;;;;;;;;;;;;;x
germanic_pagan_reformed_opinion;Reformed Anglo-Saxon Opinion;;;;;;;;;;;;;x
frankish_pagan_opinion;Frankish Opinion;;;;;;;;;;;;;x
frankish_pagan_reformed_opinion;Reformed Frankish Opinion;;;;;;;;;;;;;x
suebic_pagan_opinion;Suebic Opinion;;;;;;;;;;;;;x
suebic_pagan_reformed_opinion;Reformed Suebic Opinion;;;;;;;;;;;;;x
gothic_pagan_opinion;Gothic Opinion;;;;;;;;;;;;;x
gothic_pagan_reformed_opinion;Reformed Gothic Opinion;;;;;;;;;;;;;x
roman_pagan_opinion;Hellenic Opinion;;;;;;;;;;;;;x
roman_pagan_reformed_opinion;Reformed Hellenic Opinion;;;;;;;;;;;;;x
manichean_opinion;Manichaean Opinion;;;;;;;;;;;;;x
gnostic_group_opinion;Gnostic Opinion;;;;;;;;;;;;;x
oldfrankish_opinion;Old Frankish Opinion;;;;;;;;;;;;;x
french_opinion;French Opinion;;;;;;;;;;;;;x
dutch_opinion;Dutch Opinion;;;;;;;;;;;;;x
franconian_opinion;Franconian Opinion;;;;;;;;;;;;;x
briton_opinion;Briton Opinion;;;;;;;;;;;;;x
romanobritish_opinion;Romano-British Opinion;;;;;;;;;;;;;x
pictish_opinion;Pictish Opinion;;;;;;;;;;;;;x
cumbrian_opinion;Cumbric Opinion;;;;;;;;;;;;;x
armorican_opinion;Armorican Opinion;;;;;;;;;;;;;x
breton_opinion;Breton Opinion;;;;;;;;;;;;;x
angle_opinion;Angle Opinion;;;;;;;;;;;;;x
oldsaxon_opinion;Old Saxon Opinion;;;;;;;;;;;;;x
jute_opinion;Jute Opinion;;;;;;;;;;;;;x
oldfrisian_opinion;Old Frisian Opinion;;;;;;;;;;;;;x
anglosaxon_opinion;Anglo-Saxon Opinion;;;;;;;;;;;;;x
imperiale_opinion;Imperial Opinion;;;;;;;;;;;;;x
visigoth_opinion;Visigoth Opinion;;;;;;;;;;;;;x
burgundian_opinion;Burgundian Opinion;;;;;;;;;;;;;x
proto_norse_opinion;Old Norse Opinion;;;;;;;;;;;;;x
dane_opinion;Norse Opinion;;;;;;;;;;;;;x
frisian_opinion;Frisian Opinion;;;;;;;;;;;;;x
romanogallic_opinion;Romano-Gallic Opinion;;;;;;;;;;;;;x
bloodline_effect_high_king_britannia;More likely to be accepted as §GHigh King of Britannia§!;;;;;;;;;;;;;x
bloodline_effect_bretwalda_aengland;Increased §GHegemony Score§! and §GBretwalda Authority§!;;;;;;;;;;;;;x