PROV1;Durnovaria;;;;;;;;;;;;;x
PROV2;Lindinis;;;;;;;;;;;;;x
PROV3;Avalon;;;;;;;;;;;;;x
PROV4;Aquae Sulis;;;;;;;;;;;;;x
PROV5;Ambra;;;;;;;;;;;;;x
PROV6;Venta;;;;;;;;;;;;;x
PROV7;Calleva;;;;;;;;;;;;;x
PROV8;Cunetio;;;;;;;;;;;;;x
PROV9;Durocobrivis;;;;;;;;;;;;;x
PROV10;Vectis;;;;;;;;;;;;;x
PROV11;Corinium;;;;;;;;;;;;;x
PROV12;Isca;;;;;;;;;;;;;x
PROV13;Camlann;;;;;;;;;;;;;x
PROV14;Exmoor;;;;;;;;;;;;;x
PROV15;Portus Adurni;;;;;;;;;;;;;x
PROV16;Vindocladia;;;;;;;;;;;;;x
PROV17;Din Tagell;;;;;;;;;;;;;x
PROV18;Tamara;;;;;;;;;;;;;x
PROV19;Penn an Wlas;;;;;;;;;;;;;x
PROV20;Glevum;;;;;;;;;;;;;x
PROV21;Is Coed;;;;;;;;;;;;;x
PROV22;Magnis;;;;;;;;;;;;;x
PROV23;Lactodorum;;;;;;;;;;;;;x
PROV24;Gwynllwg;;;;;;;;;;;;;x
PROV25;Gorfynydd;;;;;;;;;;;;;x
PROV26;Is Aeron;;;;;;;;;;;;;x
PROV27;Lugg Vale;;;;;;;;;;;;;x
PROV28;Caer Swys;;;;;;;;;;;;;x
PROV29;Uwch Aeron;;;;;;;;;;;;;;x
PROV30;Buellt;;;;;;;;;;;;;;x
PROV31;Tewdos;;;;;;;;;;;;;;x
PROV32;Viroconium;;;;;;;;;;;;;;x
PROV33;Ratae;;;;;;;;;;;;;;x
PROV34;Meirionnydd;;;;;;;;;;;;;;x
PROV35;Edeyrnion;;;;;;;;;;;;;;x
PROV36;Deva;;;;;;;;;;;;;;x
PROV37;Eburacum;;;;;;;;;;;;;;x
PROV38;Lindum;;;;;;;;;;;;;;x
PROV39;Legiolium;;;;;;;;;;;;;;x
PROV40;Salinae;;;;;;;;;;;;;;x
PROV41;Pons Aelius;;;;;;;;;;;;;;x
PROV42;Luguvallum;;;;;;;;;;;;;;x
PROV43;Setantia;;;;;;;;;;;;;;x
PROV44;Durovernum;;;;;;;;;;;;;;x
PROV45;Anderitum;;;;;;;;;;;;;;x
PROV46;Portus Dubris;;;;;;;;;;;;;;x
PROV47;Londinium;;;;;;;;;;;;;x
PROV48;Thunreslea;;;;;;;;;;;;;;x
PROV49;Camulodunum;;;;;;;;;;;;;;x
PROV50;Theodford;;;;;;;;;;;;;;x
PROV51;Fenland;;;;;;;;;;;;;;x
PROV52;Caerfyrddin;;;;;;;;;;;;;x
PROV53;Caer Draitou;;;;;;;;;;;;;x
PROV54;Tripontium;;;;;;;;;;;;;x
PROV55;Derventio;;;;;;;;;;;;;;x
PROV56;Corstopitum;;;;;;;;;;;;;;x
PROV57;Maglona;;;;;;;;;;;;;;x
PROV58;Lug;;;;;;;;;;;;;;x
PROV59;Llyn;;;;;;;;;;;;;x
PROV60;Ynys Môn;;;;;;;;;;;;;x
PROV61;Malew;;;;;;;;;;;;;x
PROV62;Ìle;;;;;;;;;;;;;x
PROV63;Cinn Tìre;;;;;;;;;;;;;x
PROV64;Ynys Arran;;;;;;;;;;;;;x
PROV65;Muileach;;;;;;;;;;;;;x
PROV66;Dún Add;;;;;;;;;;;;;x
PROV67;Guendoleu;;;;;;;;;;;;;x
PROV68;Alauna Votadinum;;;;;;;;;;;;;x
PROV69;Galwydd;;;;;;;;;;;;;;x
PROV70;Coel;;;;;;;;;;;;;;x
PROV71;Camelon;;;;;;;;;;;;;x
PROV72;Din Eidyn;;;;;;;;;;;;;x
PROV73;Bràghad Albainn;;;;;;;;;;;;;x
PROV74;Caer Idern;;;;;;;;;;;;;x
PROV75;Tregor;;;;;;;;;;;;;x
PROV76;Briocum;;;;;;;;;;;;;x
PROV77;Bro-Leon;;;;;;;;;;;;;x
PROV78;Ynys Trebes;;;;;;;;;;;;;x
PROV79;Constantinia;;;;;;;;;;;;;x
PROV80;Augustodurum;;;;;;;;;;;;;x
PROV81;Lexoviorum;;;;;;;;;;;;;x
PROV82;Parisius;;;;;;;;;;;;;x
PROV83;Sagium;;;;;;;;;;;;;x
PROV84;Cæsaromagus;;;;;;;;;;;;;x
PROV85;Rotomagensis;;;;;;;;;;;;;x
PROV86;Juliobona;;;;;;;;;;;;;x
PROV87;Samarobriva;;;;;;;;;;;;;x
PROV88;Bononia;;;;;;;;;;;;;x
PROV89;Magh Line;;;;;;;;;;;;;x
PROV90;Crích Mugdornd;;;;;;;;;;;;;x
PROV91;Tír Boghaine;;;;;;;;;;;;;x
PROV92;Tír Aedha;;;;;;;;;;;;;x
PROV93;Tír Amhlaidh;;;;;;;;;;;;;x
PROV94;Luighne;;;;;;;;;;;;;x
PROV95;Uí Máine;;;;;;;;;;;;;x
PROV96;Conmhaícne Mara;;;;;;;;;;;;;x
PROV97;Áth Cliath;;;;;;;;;;;;;x
PROV98;Tethbae Tuascirt;;;;;;;;;;;;;x
PROV99;Cill Dara;;;;;;;;;;;;;x
PROV100;An Déise;;;;;;;;;;;;;x
PROV101;Fearna;;;;;;;;;;;;;x
PROV102;An Clár;;;;;;;;;;;;;x
PROV103;Corcaigh;;;;;;;;;;;;;x
PROV104;Inis Sibhtonn;;;;;;;;;;;;;x
PROV105;Uí Liatháin;;;;;;;;;;;;;x
PROV106;Vertis;;;;;;;;;;;;;x
PROV107;Margidunum;;;;;;;;;;;;;x
PROV108;Iserium;;;;;;;;;;;;;x
PROV109;Tefius;;;;;;;;;;;;;x
PROV110;Catraeth;;;;;;;;;;;;;x
PROV111;Ard Mhacha;;;;;;;;;;;;;x
PROV112;Mag Cobha;;;;;;;;;;;;;x
PROV113;Fir Manach;;;;;;;;;;;;;x
PROV114;Tír Mhic Carthainn;;;;;;;;;;;;;x
PROV115;Mag Rein;;;;;;;;;;;;;x
PROV116;An Cabhán;;;;;;;;;;;;;x
PROV117;Cill Mhantáin;;;;;;;;;;;;;x
PROV118;Luachra;;;;;;;;;;;;;x
PROV119;Mag nAí;;;;;;;;;;;;;x
PROV120;Caiseal;;;;;;;;;;;;;x
PROV121;Elmham;;;;;;;;;;;;;x
PROV122;Abrincatia;;;;;;;;;;;;;x
PROV123;Insulae Lenuri;;;;;;;;;;;;;x
PROV124;Diablantia;;;;;;;;;;;;;x
PROV125;Caletum;;;;;;;;;;;;;x
PROV126;Viromandia;;;;;;;;;;;;;x
PROV127;Aulercorum;;;;;;;;;;;;;x
PROV128;Fib;;;;;;;;;;;;;x
PROV129;Raithneach;;;;;;;;;;;;;x
PROV130;Olenacum;;;;;;;;;;;;;x
PROV131;Danum;;;;;;;;;;;;;x
PROV132;Dinnewrac;;;;;;;;;;;;;x
PROV133;Salinae;;;;;;;;;;;;;x
PROV134;Uí Failghe;;;;;;;;;;;;;x
PROV135;Cill Chainnigh;;;;;;;;;;;;;x
PROV136;Lavatrae;;;;;;;;;;;;;x
PROV137;Sitomagus;;;;;;;;;;;;;x
PROV138;Caer Correi;;;;;;;;;;;;;x
PROV139;Carrecc;;;;;;;;;;;;;x
PROV140;Lanerc;;;;;;;;;;;;;x
PROV141;Manann;;;;;;;;;;;;;x
PROV142;Tregony;;;;;;;;;;;;;x
PROV143;Artland;;;;;;;;;;;;;x
PROV144;Din Gefron;;;;;;;;;;;;;x
PROV145;Brega;;;;;;;;;;;;;x
PROV146;Llys Pengwern;;;;;;;;;;;;;x
PROV147;Glannoventa;;;;;;;;;;;;;x
PROV148;Mamucium;;;;;;;;;;;;;x
PROV149;Vorgium;;;;;;;;;;;;;x
PROV150;Agedincum;;;;;;;;;;;;;x
PROV151;Trisantonis;;;;;;;;;;;;;x
PROV152;Durobrivæ;;;;;;;;;;;;;x
PROV153;Nortwic;;;;;;;;;;;;;x
PROV154;Uwch Coed;;;;;;;;;;;;;x
PROV155;Ælia Castra;;;;;;;;;;;;;x
PROV156;Caer Mynyw;;;;;;;;;;;;;x
PROV157;Rhos;;;;;;;;;;;;;x
PROV158;Petuaria;;;;;;;;;;;;;x
PROV159;Novientum;;;;;;;;;;;;;x
PROV160;Viducassia;;;;;;;;;;;;;x
PROV161;Din Rheged;;;;;;;;;;;;;x
PROV162;Starum;;;;;;;;;;;;;x
PROV163;Fealhland;;;;;;;;;;;;;x
PROV164;Cinahaemi;;;;;;;;;;;;;x
PROV165;Ora Rheni;;;;;;;;;;;;;x
PROV166;Traiectum;;;;;;;;;;;;;x
PROV167;Alaudanum;;;;;;;;;;;;;x
PROV168;Fectio;;;;;;;;;;;;;x
PROV169;Valacria;;;;;;;;;;;;;x
PROV170;Helinium;;;;;;;;;;;;;x
PROV171;Frisiavonia;;;;;;;;;;;;;x
PROV172;Palethe;;;;;;;;;;;;;x
PROV173;Andoverpis;;;;;;;;;;;;;x
PROV174;Bruccia;;;;;;;;;;;;;x
PROV175;Viroviacum;;;;;;;;;;;;;x
PROV176;Tarvenna;;;;;;;;;;;;;x
PROV177;Tornacum;;;;;;;;;;;;;x
PROV178;Lovanium;;;;;;;;;;;;;x
PROV179;Trajectum ad Mosam;;;;;;;;;;;;;x
PROV180;Nemetacum;;;;;;;;;;;;;x
PROV181;Setucis;;;;;;;;;;;;;x
PROV182;Bagacum;;;;;;;;;;;;;x
PROV183;Lommensis;;;;;;;;;;;;;x
PROV184;Paemania;;;;;;;;;;;;;x
PROV185;Soissons;;;;;;;;;;;;;x
PROV186;Arduennensis;;;;;;;;;;;;;x
PROV187;Remensia;;;;;;;;;;;;;x
PROV188;Verodunum;;;;;;;;;;;;;x
PROV189;Calvomontensis;;;;;;;;;;;;;x
PROV190;Tricassium;;;;;;;;;;;;;x
PROV191;Corobilium;;;;;;;;;;;;;x
PROV192;Blesum;;;;;;;;;;;;;x
PROV193;Calagum;;;;;;;;;;;;;x
PROV194;Melodunum;;;;;;;;;;;;;x
PROV195;Autricum;;;;;;;;;;;;;x
PROV196;Aurelianum;;;;;;;;;;;;;x
PROV197;Intaranum;;;;;;;;;;;;;x
PROV198;Aballo;;;;;;;;;;;;;x
PROV199;Mandubia;;;;;;;;;;;;;x
PROV200;Cæsarodunum;;;;;;;;;;;;;x
PROV201;Cenomanus;;;;;;;;;;;;;x
PROV202;Arvia;;;;;;;;;;;;;x
PROV203;Condate Riedonum;;;;;;;;;;;;;x
PROV204;Brivates Portus;;;;;;;;;;;;;x
PROV205;Darioritum;;;;;;;;;;;;;x
PROV206;Aquilonia;;;;;;;;;;;;;x
PROV207;Andecavia;;;;;;;;;;;;;x
PROV208;Portus Namnetum;;;;;;;;;;;;;x
PROV209;Metulensis;;;;;;;;;;;;;x
PROV210;Toarceusis;;;;;;;;;;;;;x
PROV211;Arballicus;;;;;;;;;;;;;x
PROV212;Briocensis;;;;;;;;;;;;;x
PROV213;Leucæ;;;;;;;;;;;;;x
PROV214;Argentomagus;;;;;;;;;;;;;x
PROV215;Pictavus;;;;;;;;;;;;;x
PROV216;Augustonemetum;;;;;;;;;;;;;x
PROV217;Nevirnum;;;;;;;;;;;;;x
PROV218;Avaricum;;;;;;;;;;;;;x
PROV219;Augustodunum;;;;;;;;;;;;;x
PROV220;Lingonum;;;;;;;;;;;;;x
PROV221;Divio;;;;;;;;;;;;;x
PROV222;Lugdunum;;;;;;;;;;;;;x
PROV223;Verbinum;;;;;;;;;;;;;x
PROV224;Cananefatia;;;;;;;;;;;;;x
PROV225;Durocatalaunum;;;;;;;;;;;;;x
PROV226;Artiaca;;;;;;;;;;;;;x
PROV227;Ceuclum;;;;;;;;;;;;;x
PROV228;Vienna;;;;;;;;;;;;;x
PROV229;Caturiges;;;;;;;;;;;;;x
PROV230;Metensis;;;;;;;;;;;;;x
PROV231;Tongeren;;;;;;;;;;;;;x
PROV232;Nivellum;;;;;;;;;;;;;x
PROV233;Tornodurum;;;;;;;;;;;;;x
PROV234;Castrilocus;;;;;;;;;;;;;x
PROV235;Autissiodorum;;;;;;;;;;;;;x
PROV236;Massava;;;;;;;;;;;;;x
PROV237;Gabrisium;;;;;;;;;;;;;x
PROV238;Geinum;;;;;;;;;;;;;x
PROV239;Briavenna;;;;;;;;;;;;;x
PROV240;Valentia;;;;;;;;;;;;;x
PROV241;Augustoritum;;;;;;;;;;;;;x
PROV242;Vorogio;;;;;;;;;;;;;x
PROV243;Aonghas;;;;;;;;;;;;;x
PROV244;A' Mhaoirne;;;;;;;;;;;;;x
PROV245;Aberdheatain;;;;;;;;;;;;;x
PROV246;Banbh;;;;;;;;;;;;;x
PROV247;Cei;;;;;;;;;;;;;x
PROV248;Ath-Fotla;;;;;;;;;;;;;x
PROV249;Moireabh;;;;;;;;;;;;;x
PROV250;Skiel;;;;;;;;;;;;;x
PROV251;Tír Luigdach;;;;;;;;;;;;;x
PROV252;Fortrose;;;;;;;;;;;;;x
PROV253;Skiannach;;;;;;;;;;;;;x
PROV254;Wester-Rois;;;;;;;;;;;;;x
PROV255;Rois;;;;;;;;;;;;;x
PROV256;Dornoch;;;;;;;;;;;;;x
PROV257;Gallaibh;;;;;;;;;;;;;x
PROV258;Cataibh;;;;;;;;;;;;;x
PROV259;Leodhas;;;;;;;;;;;;;x
PROV260;Uist;;;;;;;;;;;;;x
PROV261;Latharna;;;;;;;;;;;;;;x
PROV262;Inbhir Nis;;;;;;;;;;;;;;x
PROV263;Rôm;;;;;;;;;;;;;;x
PROV264;Dún Mor;;;;;;;;;;;;;;x
PROV265;Fidach;;;;;;;;;;;;;;x
PROV266;Lochearn;;;;;;;;;;;;;;x
PROV267;Dál Riata;;;;;;;;;;;;;;x
PROV268;Magh Ithe;;;;;;;;;;;;;;x
PROV269;Leath Cathail;;;;;;;;;;;;;;x
PROV270;Airthir;;;;;;;;;;;;;;x
PROV271;Fir Arda;;;;;;;;;;;;;;x
PROV272;Tethbae Deiscirt;;;;;;;;;;;;;;x
PROV273;Loígis;;;;;;;;;;;;;;x
PROV274;Ceatharlach;;;;;;;;;;;;;;x
PROV275;Clochar;;;;;;;;;;;;;;x
PROV276;Ailigh;;;;;;;;;;;;;;x
PROV277;Eilne;;;;;;;;;;;;;;x
PROV278;Fir Lí;;;;;;;;;;;;;;x
PROV279;Uí Thuirtri;;;;;;;;;;;;;;x
PROV280;Mare Hyperboricum;;;;;;;;;;;;;x
PROV281;Lacus Flevo;;;;;;;;;;;;;x
PROV282;Mare Frisicum Orientalis;;;;;;;;;;;;;x
PROV283;Mare Frisicum Occidentalis;;;;;;;;;;;;;x
PROV284;Mare Veneticum;;;;;;;;;;;;;x
PROV285;Oceanus Cantabricus;;;;;;;;;;;;;x
PROV286;Sinus Atlanticus;;;;;;;;;;;;;x
PROV287;Cursus Cæruleum;;;;;;;;;;;;;x
PROV288;Cursus Vespertinus;;;;;;;;;;;;;x
PROV289;Cursus Septentrionalis;;;;;;;;;;;;;x
PROV290;Mare Haemodum;;;;;;;;;;;;;x
PROV291;Cursus Caledonicum;;;;;;;;;;;;;x
PROV292;Volsas Sinus;;;;;;;;;;;;;x
PROV293;Mare Hibernicum;;;;;;;;;;;;;x
PROV294;Fretum Insulæ Manicæ;;;;;;;;;;;;;x
PROV295;Litus Saxonicum;;;;;;;;;;;;;x
PROV296;Sabrina Æstuarium;;;;;;;;;;;;;x
PROV297;Mare Vergivium Occidentalis;;;;;;;;;;;;;x
PROV298;Mare Britannicum Occidentalis;;;;;;;;;;;;;x
PROV299;Armoricanus Tractus;;;;;;;;;;;;;x
PROV300;Longus Æstuarium;;;;;;;;;;;;;x
PROV301;Oceanus Occidentalis;;;;;;;;;;;;;x
PROV302;Oceanus Duecaledonius;;;;;;;;;;;;;x
PROV303;Fretum Gallicum;;;;;;;;;;;;;x
PROV304;Mare Britannicum Orientalis;;;;;;;;;;;;;x
PROV305;Oceanus Hibernicus;;;;;;;;;;;;;x
PROV306;Fretum Hibernicum;;;;;;;;;;;;;x
PROV307;Glotta Æstuarium;;;;;;;;;;;;;x
PROV308;Hibernicus Tractus;;;;;;;;;;;;;x
PROV309;Bodotria Æstuarium;;;;;;;;;;;;;x
PROV310;Litus Germanicus;;;;;;;;;;;;;x
PROV311;Oceanus Germanicus;;;;;;;;;;;;;x
PROV312;Metaris Æstuarium;;;;;;;;;;;;;x
PROV313;Oceanus Atlanticus;;;;;;;;;;;;;x
PROV314;Litus Atlanticus Septentrionalis;;;;;;;;;;;;;x
PROV315;Deruentione;;;;;;;;;;;;;;x
PROV316;Cambodunum;;;;;;;;;;;;;;x
PROV317;Ad Pontem;;;;;;;;;;;;;;x
PROV318;Alt Clut;;;;;;;;;;;;;;x
PROV319;Din Pelydr;;;;;;;;;;;;;;x
PROV320;Iuddeu;;;;;;;;;;;;;;x
PROV321;Lumonwy;;;;;;;;;;;;;;x
PROV322;Armterid;;;;;;;;;;;;;;x
PROV323;Loch nEachach;;;;;;;;;;;;;;x
PROV324;Loch Aillionn;;;;;;;;;;;;;;x
PROV325;Loch Measca;;;;;;;;;;;;;;x
PROV326;Loch Oirbsean;;;;;;;;;;;;;;x
PROV327;Loch Rí;;;;;;;;;;;;;;x
PROV328;Ciniubantum;;;;;;;;;;;;;;x
PROV329;Grantabrycge;;;;;;;;;;;;;;x
PROV330;Beodericsworth;;;;;;;;;;;;;;x
PROV331;Gippelwich;;;;;;;;;;;;;;x
PROV332;Lukintune;;;;;;;;;;;;;;x
PROV333;Latimer;;;;;;;;;;;;;;x
PROV334;Fearnhamme;;;;;;;;;;;;;;x
PROV335;Clausentum;;;;;;;;;;;;;;x
PROV336;Sorviodunum;;;;;;;;;;;;;;x
PROV337;Dorcic;;;;;;;;;;;;;;x
PROV338;Spinae;;;;;;;;;;;;;;x
PROV339;Abona;;;;;;;;;;;;;;x
PROV340;Ariconium;;;;;;;;;;;;;;x
PROV341;Wychwood;;;;;;;;;;;;;;x
PROV342;Verlucio;;;;;;;;;;;;;;x
PROV343;Causennae;;;;;;;;;;;;;;x
PROV344;Banovallum;;;;;;;;;;;;;;x
PROV345;Godmundceaster;;;;;;;;;;;;;;x
PROV346;Bannaventa;;;;;;;;;;;;;;x
PROV347;Magiovinium;;;;;;;;;;;;;;x
PROV348;Letocetum;;;;;;;;;;;;;;x
PROV349;Manduessedum;;;;;;;;;;;;;;x
PROV350;Gwyr;;;;;;;;;;;;;;x
PROV351;Llanymddyfri;;;;;;;;;;;;;;x
PROV352;Gwrtheyrnion;;;;;;;;;;;;;;x
PROV353;Maelienydd;;;;;;;;;;;;;;x
PROV354;Tegeingl;;;;;;;;;;;;;;x
PROV355;Maelor;;;;;;;;;;;;;;x
PROV356;Regentium;;;;;;;;;;;;;;x
PROV357;Dunodion;;;;;;;;;;;;;;x
PROV358;Rhufoniog;;;;;;;;;;;;;;x
PROV359;Cefeliog;;;;;;;;;;;;;;x
PROV360;Arfon;;;;;;;;;;;;;;x
PROV361;Vindomis;;;;;;;;;;;;;;x
PROV362;Regiam;;;;;;;;;;;;;;x
PROV363;Gwash;;;;;;;;;;;;;;x
PROV364;Thonodunum;;;;;;;;;;;;;;x
PROV365;Ynys Tanatus;;;;;;;;;;;;;;x
PROV366;Tamesis;;;;;;;;;;;;;;x
PROV367;Tamesis;;;;;;;;;;;;;;x
PROV368;Vidva;;;;;;;;;;;;;;x
PROV369;Loch Éirne Íochtarach;;;;;;;;;;;;;;x
PROV370;Loch Éirne Uachtarach;;;;;;;;;;;;;;x
PROV371;Loch Gile;;;;;;;;;;;;;;x
PROV372;Loch Cé;;;;;;;;;;;;;;x
PROV373;Loch Techet;;;;;;;;;;;;;;x
PROV374;Loch Con;;;;;;;;;;;;;;x
PROV375;Loch Cuilinn;;;;;;;;;;;;;;x
PROV376;Ceathrún Moire;;;;;;;;;;;;;;x
PROV377;Loch Ceara;;;;;;;;;;;;;;x
PROV378;Loch Siodh Linn;;;;;;;;;;;;;;x
PROV379;Loch Dairbhreach;;;;;;;;;;;;;;x
PROV380;Loch Uail;;;;;;;;;;;;;;x
PROV381;Loch Ainninn;;;;;;;;;;;;;;x
PROV382;Loch Deirgeirt;;;;;;;;;;;;;;x
PROV383;Loch Léin;;;;;;;;;;;;;;x
PROV384;Mòr-thìr;;;;;;;;;;;;;;x
PROV385;Rigsbri;;;;;;;;;;;;;;x
PROV386;Britonia;;;;;;;;;;;;;;x
PROV387;Sabrina;;;;;;;;;;;;;;x
PROV388;Samara;;;;;;;;;;;;;;x
PROV389;Sequana;;;;;;;;;;;;;;x
PROV390;Sequana;;;;;;;;;;;;;;x
PROV391;Sequana;;;;;;;;;;;;;;x
PROV392;Sequana;;;;;;;;;;;;;;x
PROV393;Isara;;;;;;;;;;;;;;x
PROV394;Isara;;;;;;;;;;;;;;x
PROV395;Axona;;;;;;;;;;;;;;x
PROV396;Matrona;;;;;;;;;;;;;;x
PROV397;Matrona;;;;;;;;;;;;;;x
PROV398;Icauna;;;;;;;;;;;;;;x
PROV399;Icauna;;;;;;;;;;;;;;x
PROV400;Liger;;;;;;;;;;;;;;x
PROV401;Liger;;;;;;;;;;;;;;x
PROV402;Liger;;;;;;;;;;;;;;x
PROV403;Liger;;;;;;;;;;;;;;x
PROV404;Liger;;;;;;;;;;;;;;x
PROV405;Vigenna;;;;;;;;;;;;;;x
PROV406;Vigenna;;;;;;;;;;;;;;x
PROV407;Sinus Aquitanicus;;;;;;;;;;;;;;x
PROV408;Cursus Cantabricus;;;;;;;;;;;;;;x
PROV409;Sinus Cantabrorum Occidentalis;;;;;;;;;;;;;;x
PROV410;Sinus Cantabrorum Orientalis;;;;;;;;;;;;;;x
PROV411;Mare Gallaecum;;;;;;;;;;;;;;x
PROV412;Sinus Gallaecum;;;;;;;;;;;;;;x
PROV413;Syllan;;;;;;;;;;;;;;x
PROV414;Aralingia;;;;;;;;;;;;;;x
PROV415;Dokkum;;;;;;;;;;;;;;x
PROV416;Grinslân;;;;;;;;;;;;;;x
PROV417;Emden;;;;;;;;;;;;;;x
PROV418;Hleri;;;;;;;;;;;;;;x
PROV419;Jever;;;;;;;;;;;;;;x
PROV420;Rodanum;;;;;;;;;;;;;;x
PROV421;Zwolle;;;;;;;;;;;;;;x
PROV422;Treantha;;;;;;;;;;;;;;x
PROV423;Twente;;;;;;;;;;;;;;x
PROV424;Batavorum;;;;;;;;;;;;;;x
PROV425;Suþfenn;;;;;;;;;;;;;;x
PROV426;Colonia Agrippina;;;;;;;;;;;;;;x
PROV427;Aquae Granni;;;;;;;;;;;;;;x
PROV428;Novaesium;;;;;;;;;;;;;;x
PROV429;Tricensimae;;;;;;;;;;;;;;x
PROV430;Juliacum;;;;;;;;;;;;;;x
PROV431;Bonna;;;;;;;;;;;;;;x
PROV432;Mosarium;;;;;;;;;;;;;;x
PROV433;Orolaunum;;;;;;;;;;;;;;x
PROV434;Leodicum;;;;;;;;;;;;;;x
PROV435;Hoium;;;;;;;;;;;;;;x
PROV436;Icorigium;;;;;;;;;;;;;;x
PROV437;Camaracum;;;;;;;;;;;;;;x
PROV438;Pontes;;;;;;;;;;;;;;x
PROV439;Leuconaus;;;;;;;;;;;;;;x
PROV440;Meduantum;;;;;;;;;;;;;;x
PROV441;Castellum Menapiorum;;;;;;;;;;;;;;x
PROV442;Helena;;;;;;;;;;;;;;x
PROV443;Origiacum;;;;;;;;;;;;;;x
PROV444;Sambrensis;;;;;;;;;;;;;;x
PROV445;Pons Scaldis;;;;;;;;;;;;;;x
PROV446;Noviomum;;;;;;;;;;;;;;x
PROV447;Otmus;;;;;;;;;;;;;;x
PROV448;Rithergabail;;;;;;;;;;;;;;x
PROV449;Vungus;;;;;;;;;;;;;;x
PROV450;Basilia;;;;;;;;;;;;;;x
PROV451;Silvanectia;;;;;;;;;;;;;;x
PROV452;Meruacum;;;;;;;;;;;;;;x
PROV453;Petromantalum;;;;;;;;;;;;;;x
PROV454;Uggade;;;;;;;;;;;;;;x
PROV455;Condate;;;;;;;;;;;;;;x
PROV456;Tedmarescia;;;;;;;;;;;;;;x
PROV457;Holsteen;;;;;;;;;;;;;;x
PROV458;Stormarn;;;;;;;;;;;;;;x
PROV459;Sigibergi;;;;;;;;;;;;;;x
PROV460;Esuvia;;;;;;;;;;;;;;x
PROV461;Breviodurum;;;;;;;;;;;;;;x
PROV462;Fifeldor;;;;;;;;;;;;;;x
PROV463;Housewich;;;;;;;;;;;;;;x
PROV464;Sliesthorp;;;;;;;;;;;;;;x
PROV465;Fifeldormuþ;;;;;;;;;;;;;;x
PROV466;Flansberg;;;;;;;;;;;;;;x
PROV467;Ripen;;;;;;;;;;;;;;x
PROV468;Carpentoratensium;;;;;;;;;;;;;;x
PROV469;Selhiþo;;;;;;;;;;;;;;x
PROV470;Avennio;;;;;;;;;;;;;;x
PROV471;Haderslev;;;;;;;;;;;;;;x
PROV472;Sinus Codanus Occidentalis;;;;;;;;;;;;;;x
PROV473;Sinus Codanus Orientalis;;;;;;;;;;;;;;x
PROV474;Sinus Dani Occidentalis;;;;;;;;;;;;;;x
PROV475;Mare Germanicus Meridianus;;;;;;;;;;;;;;x
PROV476;Mare Germanicus Septentrionalis;;;;;;;;;;;;;;x
PROV477;Varvith;;;;;;;;;;;;;;x
PROV478;Almundæ;;;;;;;;;;;;;;x
PROV479;Hamrum;;;;;;;;;;;;;;x
PROV480;Lofræth;;;;;;;;;;;;;;x
PROV481;Árós;;;;;;;;;;;;;;x
PROV482;Morsø;;;;;;;;;;;;;;x
PROV483;Himbersland;;;;;;;;;;;;;;x
PROV484;Þjóðland;;;;;;;;;;;;;;x
PROV485;Vendill;;;;;;;;;;;;;;x
PROV486;Odinevi;;;;;;;;;;;;;;x
PROV487;Suinaburgum;;;;;;;;;;;;;;x
PROV488;Langlandia;;;;;;;;;;;;;;x
PROV489;Lagalandia;;;;;;;;;;;;;;x
PROV490;Falastara;;;;;;;;;;;;;;x
PROV491;Muna;;;;;;;;;;;;;;x
PROV492;Præstø;;;;;;;;;;;;;;x
PROV493;Týssær;;;;;;;;;;;;;;x
PROV494;Týsvella;;;;;;;;;;;;;;x
PROV495;Norrköping;;;;;;;;;;;;;;x
PROV496;Sinus Dani Orientalis;;;;;;;;;;;;;;x
PROV497;Sinus Varni;;;;;;;;;;;;;;x
PROV498;Salling;;;;;;;;;;;;;;x
PROV499;Jalyng;;;;;;;;;;;;;;x
PROV500;Vasio;;;;;;;;;;;;;;x
PROV501;Heingæ;;;;;;;;;;;;;;x
PROV502;Omungær;;;;;;;;;;;;;;x
PROV503;Rendsborg;;;;;;;;;;;;;;x
PROV504;Tuner;;;;;;;;;;;;;;x
PROV505;Taurinus;;;;;;;;;;;;;;x
PROV506;Alauna;;;;;;;;;;;;;;x
PROV507;Fretum Avionum;;;;;;;;;;;;;;x
PROV508;Mare Rugi;;;;;;;;;;;;;;x
PROV509;Sinus Blecingae;;;;;;;;;;;;;;x
PROV510;Metuonis;;;;;;;;;;;;;;x
PROV511;Mare Suebicum;;;;;;;;;;;;;;x
PROV512;Mare Gothi Occidentalis;;;;;;;;;;;;;;x
PROV513;Mare Gothi Septentrionalis;;;;;;;;;;;;;;x
PROV514;Sinus Scerefennae;;;;;;;;;;;;;;x
PROV515;Cursus Scatinavius;;;;;;;;;;;;;;x
PROV516;Mare Scatinavius;;;;;;;;;;;;;;x
PROV517;Septentrionalis Oceanus;;;;;;;;;;;;;;x
PROV518;Burgundia;;;;;;;;;;;;;;x
PROV519;Sunland;;;;;;;;;;;;;;x
PROV520;Hleiðargarðr;;;;;;;;;;;;;;x
PROV521;Fanum Martis;;;;;;;;;;;;;;x
PROV522;Blavia;;;;;;;;;;;;;;x
PROV523;Poutrocoët;;;;;;;;;;;;;;x
PROV524;Sipia;;;;;;;;;;;;;;x
PROV525;Teofalicus;;;;;;;;;;;;;;x
PROV526;Harabanarshulta;;;;;;;;;;;;;;x
PROV527;Óðinssalr;;;;;;;;;;;;;;x
PROV528;Skíringssalr;;;;;;;;;;;;;;x
PROV529;Raumariki;;;;;;;;;;;;;;x
PROV530;Hringariki;;;;;;;;;;;;;;x
PROV531;Haða;;;;;;;;;;;;;;x
PROV532;Heina;;;;;;;;;;;;;;x
PROV533;Valdres;;;;;;;;;;;;;;x
PROV534;Haddingjadalr;;;;;;;;;;;;;;x
PROV535;Numadalr;;;;;;;;;;;;;;x
PROV536;Vestrfirðir;;;;;;;;;;;;;;x
PROV537;Grænmar;;;;;;;;;;;;;;x
PROV538;Austegða;;;;;;;;;;;;;;x
PROV539;Efriegða;;;;;;;;;;;;;;x
PROV540;Vestegða;;;;;;;;;;;;;;x
PROV541;Jaðarr;;;;;;;;;;;;;;x
PROV542;Rygja;;;;;;;;;;;;;;x
PROV543;Harðangr;;;;;;;;;;;;;;x
PROV544;Hórda;;;;;;;;;;;;;;x
PROV545;Sygna;;;;;;;;;;;;;;x
PROV546;Firðir;;;;;;;;;;;;;;x
PROV547;Nene Washes;;;;;;;;;;;;;;x
PROV548;Meduana;;;;;;;;;;;;;;x
PROV549;Combaristum;;;;;;;;;;;;;;x
PROV550;Ad Fines;;;;;;;;;;;;;;x
PROV551;Robrica;;;;;;;;;;;;;;x
PROV552;Medalgisus;;;;;;;;;;;;;;x
PROV553;Sundal;;;;;;;;;;;;;;x
PROV554;Caino;;;;;;;;;;;;;;x
PROV555;Ratiatensis;;;;;;;;;;;;;;x
PROV556;Upakrar;;;;;;;;;;;;;;x
PROV557;Austrahálsalanda;;;;;;;;;;;;;;x
PROV558;Steinahafulo;;;;;;;;;;;;;;x
PROV559;Gudingalanda;;;;;;;;;;;;;;x
PROV560;Laholm;;;;;;;;;;;;;;x
PROV561;Getakärr;;;;;;;;;;;;;;x
PROV562;Sölvesborg;;;;;;;;;;;;;;x
PROV563;Rotnæby;;;;;;;;;;;;;;x
PROV564;Lacus Vener;;;;;;;;;;;;;;x
PROV565;Lacus Veter;;;;;;;;;;;;;;x
PROV566;Midalatritingia;;;;;;;;;;;;;;x
PROV567;Nortatritingia;;;;;;;;;;;;;;x
PROV568;Alavicum;;;;;;;;;;;;;;x
PROV569;Kaupongarwíkó;;;;;;;;;;;;;;x
PROV570;Södra Möre;;;;;;;;;;;;;;x
PROV571;Handbörd;;;;;;;;;;;;;;x
PROV572;Sevede;;;;;;;;;;;;;;x
PROV573;Konga;;;;;;;;;;;;;;x
PROV574;Sunnerbo;;;;;;;;;;;;;;x
PROV575;Västra;;;;;;;;;;;;;;x
PROV576;Tuista;;;;;;;;;;;;;;x
PROV577;Tuaeta;;;;;;;;;;;;;;x
PROV578;Södra Vedbo;;;;;;;;;;;;;;x
PROV579;Linköping;;;;;;;;;;;;;;x
PROV580;Köping;;;;;;;;;;;;;;x
PROV581;Bogesund;;;;;;;;;;;;;;x
PROV582;Lödöse;;;;;;;;;;;;;;x
PROV583;Skara;;;;;;;;;;;;;;x
PROV584;Týsviðr;;;;;;;;;;;;;;x
PROV585;Osbornsland;;;;;;;;;;;;;;x
PROV586;Tjust;;;;;;;;;;;;;;x
PROV587;Kinda;;;;;;;;;;;;;;x
PROV588;Durocassia;;;;;;;;;;;;;;x
PROV589;Salioclita;;;;;;;;;;;;;;x
PROV590;Dunense;;;;;;;;;;;;;;x
PROV591;Durocornovium;;;;;;;;;;;;;;x
PROV592;Belca;;;;;;;;;;;;;;x
PROV593;Ad Fines;;;;;;;;;;;;;;x
PROV594;Tasciaca;;;;;;;;;;;;;;x
PROV595;Ursulis;;;;;;;;;;;;;;x
PROV596;Catulliacus;;;;;;;;;;;;;;x
PROV597;Mutuantonis;;;;;;;;;;;;;;x
PROV598;Iantinum;;;;;;;;;;;;;;x
PROV599;Stampensis;;;;;;;;;;;;;;x
PROV600;Vastinensis;;;;;;;;;;;;;;x
PROV601;Morginnum;;;;;;;;;;;;;;x
PROV602;Vicinonia;;;;;;;;;;;;;;x
PROV603;Carantonus;;;;;;;;;;;;;;x
PROV604;Carantonus;;;;;;;;;;;;;;x
PROV605;Garumna;;;;;;;;;;;;;;x
PROV606;Garumna;;;;;;;;;;;;;;x
PROV607;Duranius;;;;;;;;;;;;;;x
PROV608;Aturrus;;;;;;;;;;;;;;x
PROV609;Fluvium Flevo;;;;;;;;;;;;;;x
PROV610;Wendila;;;;;;;;;;;;;;x
PROV611;Egdor;;;;;;;;;;;;;;x
PROV612;Trena;;;;;;;;;;;;;;x
PROV613;Sles;;;;;;;;;;;;;;x
PROV614;Texla;;;;;;;;;;;;;;x
PROV615;Fositesland;;;;;;;;;;;;;;x
PROV616;Suþ Strand;;;;;;;;;;;;;;x
PROV617;Norþ Strand;;;;;;;;;;;;;;x
PROV618;Vestervig;;;;;;;;;;;;;;x
PROV619;Scaldis;;;;;;;;;;;;;;x
PROV620;Scaldis;;;;;;;;;;;;;;x
PROV621;Scaldis;;;;;;;;;;;;;;x
PROV622;Legia;;;;;;;;;;;;;;x
PROV623;Esara;;;;;;;;;;;;;;x
PROV624;Alnensis;;;;;;;;;;;;;;x
PROV625;Novioritum;;;;;;;;;;;;;;x
PROV626;Cerebelliaca;;;;;;;;;;;;;;x
PROV627;Santonorum;;;;;;;;;;;;;;x
PROV628;Iculisma;;;;;;;;;;;;;;x
PROV629;Aunedonnacum;;;;;;;;;;;;;;x
PROV630;Agernacum;;;;;;;;;;;;;;x
PROV631;Sermanicomagus;;;;;;;;;;;;;;x
PROV632;Burdigala;;;;;;;;;;;;;;x
PROV633;Medullia;;;;;;;;;;;;;;x
PROV634;Burgus;;;;;;;;;;;;;;x
PROV635;Varatedo;;;;;;;;;;;;;;x
PROV636;Wasia;;;;;;;;;;;;;;x
PROV637;Ghant;;;;;;;;;;;;;;x
PROV638;Curtrec;;;;;;;;;;;;;;x
PROV639;Vesunna;;;;;;;;;;;;;;x
PROV640;Luda;;;;;;;;;;;;;;x
PROV641;Travectus;;;;;;;;;;;;;;x
PROV642;Diolindum;;;;;;;;;;;;;;x
PROV643;Ernaginum;;;;;;;;;;;;;;x
PROV644;Fines;;;;;;;;;;;;;;x
PROV645;Attanum;;;;;;;;;;;;;;x
PROV646;Aginnum;;;;;;;;;;;;;;x
PROV647;Isura;;;;;;;;;;;;;;x
PROV648;Usa;;;;;;;;;;;;;;x
PROV649;Trisantona;;;;;;;;;;;;;;x
PROV650;Neana;;;;;;;;;;;;;;x
PROV651;Udsosa;;;;;;;;;;;;;;x
PROV652;Amisia;;;;;;;;;;;;;;x
PROV653;Amisia;;;;;;;;;;;;;;x
PROV654;Amisia Æstuarium;;;;;;;;;;;;;;x
PROV655;Reiderland;;;;;;;;;;;;;;x
PROV656;Excisum;;;;;;;;;;;;;;x
PROV657;Segodunum;;;;;;;;;;;;;;x
PROV658;Cabellio;;;;;;;;;;;;;;x
PROV659;Condatomagus;;;;;;;;;;;;;;x
PROV660;Haduloha;;;;;;;;;;;;;;x
PROV661;Heilaland;;;;;;;;;;;;;;x
PROV662;Telo Martius;;;;;;;;;;;;;;x
PROV663;Wihmuodi;;;;;;;;;;;;;;x
PROV664;Agredingland;;;;;;;;;;;;;;x
PROV665;Bursibant;;;;;;;;;;;;;;x
PROV666;Hasaland;;;;;;;;;;;;;;x
PROV667;Segimovicus;;;;;;;;;;;;;;x
PROV668;Tincontium;;;;;;;;;;;;;;x
PROV669;Mediolanum;;;;;;;;;;;;;;x
PROV670;Cantilia;;;;;;;;;;;;;;x
PROV671;Swaffham;;;;;;;;;;;;;;x
PROV672;Ammerland;;;;;;;;;;;;;;x
PROV673;Leriland;;;;;;;;;;;;;;x
PROV674;Laarland;;;;;;;;;;;;;;x
PROV675;Derveland;;;;;;;;;;;;;;x
PROV676;Tablae;;;;;;;;;;;;;;x
PROV677;Amuda;;;;;;;;;;;;;;x
PROV678;Skopingham;;;;;;;;;;;;;;x
PROV679;Bohholt;;;;;;;;;;;;;;x
PROV680;Dreinland;;;;;;;;;;;;;;x
PROV681;Hlidbeki;;;;;;;;;;;;;;x
PROV682;Dersaland;;;;;;;;;;;;;;x
PROV683;Threcwiti;;;;;;;;;;;;;;x
PROV684;Grainland;;;;;;;;;;;;;;x
PROV685;Disbargum;;;;;;;;;;;;;;x
PROV686;Solingum;;;;;;;;;;;;;;x
PROV687;Divitia;;;;;;;;;;;;;;x
PROV688;Auvallia;;;;;;;;;;;;;;x
PROV689;Cassinomagus;;;;;;;;;;;;;;x
PROV690;Andecamulum;;;;;;;;;;;;;;x
PROV691;Acitodunum;;;;;;;;;;;;;;x
PROV692;Ivaonum;;;;;;;;;;;;;;x
PROV693;Userca;;;;;;;;;;;;;;x
PROV694;Argenta;;;;;;;;;;;;;;x
PROV695;Lovolautrum;;;;;;;;;;;;;;x
PROV696;Brivas;;;;;;;;;;;;;;x
PROV697;Indiciacum;;;;;;;;;;;;;;x
PROV698;Aquis Calentes;;;;;;;;;;;;;;x
PROV699;Walichum;;;;;;;;;;;;;;x
PROV700;Divona;;;;;;;;;;;;;;x
PROV701;Gurdo;;;;;;;;;;;;;;x
PROV702;Varadetum;;;;;;;;;;;;;;x
PROV703;Cossa;;;;;;;;;;;;;;x
PROV704;Liudulfsheith;;;;;;;;;;;;;;x
PROV705;Throtmanni;;;;;;;;;;;;;;x
PROV706;Arausio;;;;;;;;;;;;;;x
PROV707;Lothorp;;;;;;;;;;;;;;x
PROV708;Oedingheim;;;;;;;;;;;;;;x
PROV709;Carantomagus;;;;;;;;;;;;;;x
PROV710;Amiliavum;;;;;;;;;;;;;;x
PROV711;Crodioialum;;;;;;;;;;;;;;x
PROV712;Albiga;;;;;;;;;;;;;;x
PROV713;Alto Pullo;;;;;;;;;;;;;;x
PROV714;Anderitum;;;;;;;;;;;;;;x
PROV715;Gredonum;;;;;;;;;;;;;;x
PROV716;Aqua Calida;;;;;;;;;;;;;;x
PROV717;Ruessium;;;;;;;;;;;;;;x
PROV718;Iciomagus;;;;;;;;;;;;;;x
PROV719;Belena;;;;;;;;;;;;;;x
PROV720;Dusma;;;;;;;;;;;;;;x
PROV721;Denegontium;;;;;;;;;;;;;;x
PROV722;Sidoloucum;;;;;;;;;;;;;;x
PROV723;Lasticum;;;;;;;;;;;;;;x
PROV724;Segessera;;;;;;;;;;;;;;x
PROV725;Gratianopolis;;;;;;;;;;;;;;x
PROV726;Mosa;;;;;;;;;;;;;;x
PROV727;Attoaria;;;;;;;;;;;;;;x
PROV728;Sapaudia;;;;;;;;;;;;;;x
PROV729;Cabilonnum;;;;;;;;;;;;;;x
PROV730;Pons Dubris;;;;;;;;;;;;;;x
PROV731;Latona;;;;;;;;;;;;;;x
PROV732;Matisco;;;;;;;;;;;;;;x
PROV733;Balgiacum;;;;;;;;;;;;;;x
PROV734;Lacus Lemannus;;;;;;;;;;;;;;x
PROV735;Isarnodurum;;;;;;;;;;;;;;x
PROV736;Condatiscone;;;;;;;;;;;;;;x
PROV737;Asa Paulini;;;;;;;;;;;;;;x
PROV738;Segusiavorum;;;;;;;;;;;;;;x
PROV739;Aquae Segetae;;;;;;;;;;;;;;x
PROV740;Tolosa;;;;;;;;;;;;;;x
PROV741;Ad Novem;;;;;;;;;;;;;;x
PROV742;Vernosolum;;;;;;;;;;;;;;x
PROV743;Sostomagus;;;;;;;;;;;;;;x
PROV744;Tarusco;;;;;;;;;;;;;;x
PROV745;Narbo;;;;;;;;;;;;;;x
PROV746;Carcasum;;;;;;;;;;;;;;x
PROV747;Ad Vicensimum;;;;;;;;;;;;;;x
PROV748;Rhedae;;;;;;;;;;;;;;x
PROV749;Sardonia;;;;;;;;;;;;;;x
PROV750;Prata;;;;;;;;;;;;;;x
PROV751;Baeterrae;;;;;;;;;;;;;;x
PROV752;Agatha;;;;;;;;;;;;;;x
PROV753;Luteva;;;;;;;;;;;;;;x
PROV754;Nemausus;;;;;;;;;;;;;;x
PROV755;Magalona;;;;;;;;;;;;;;x
PROV756;Andusia;;;;;;;;;;;;;;x
PROV757;Ucetia;;;;;;;;;;;;;;x
PROV758;Oceanus Occidentalis Septentrionalis;;;;;;;;;;;;;;x
PROV759;Oceanus Occidentalis Meridianus;;;;;;;;;;;;;;x
PROV760;Gaditanus Sinus;;;;;;;;;;;;;;x
PROV761;Litus Mauretanicum;;;;;;;;;;;;;;x
PROV762;Fretum Herculeum;;;;;;;;;;;;;;x
PROV763;Mare Ibericum Occidentalis;;;;;;;;;;;;;;x
PROV764;Mare Ibericum Orientalis;;;;;;;;;;;;;;x
PROV765;Litus Numidicum;;;;;;;;;;;;;;x
PROV766;Mare Balearicum;;;;;;;;;;;;;;x
PROV767;Sinus Gallicus;;;;;;;;;;;;;;x
PROV768;Mare Hespericum;;;;;;;;;;;;;;x
PROV769;Mare Ligusticum;;;;;;;;;;;;;;x
PROV770;Västbo;;;;;;;;;;;;;;x
PROV771;Östbo;;;;;;;;;;;;;;x
PROV772;Uppvidinge;;;;;;;;;;;;;;x
PROV773;Norrvidinge;;;;;;;;;;;;;;x
PROV774;Kinnevald;;;;;;;;;;;;;;x
PROV775;Tricastinorum;;;;;;;;;;;;;;x
PROV776;Norra Möre;;;;;;;;;;;;;;x
PROV777;Stranda;;;;;;;;;;;;;;x
PROV778;Östra;;;;;;;;;;;;;;x
PROV779;Norra Vedbo;;;;;;;;;;;;;;x
PROV780;Tunalän;;;;;;;;;;;;;;x
PROV781;Ydre;;;;;;;;;;;;;;x
PROV782;Portus Lemanis;;;;;;;;;;;;;;x
PROV783;Als;;;;;;;;;;;;;;x
PROV784;Risonum;;;;;;;;;;;;;;x
PROV785;Verulanium;;;;;;;;;;;;;;x
PROV786;Anderida Silva;;;;;;;;;;;;;;x
PROV787;Ely;;;;;;;;;;;;;;x
PROV788;Holme Fen;;;;;;;;;;;;;;x
PROV789;Camboritum;;;;;;;;;;;;;;x
PROV790;Segelocum;;;;;;;;;;;;;;x
PROV791;Dôn;;;;;;;;;;;;;;x
PROV792;Scarsdale;;;;;;;;;;;;;;x
PROV793;Dovedale;;;;;;;;;;;;;;x
PROV794;Repton;;;;;;;;;;;;;;x
PROV795;Delgovicia;;;;;;;;;;;;;;x
PROV796;Dictium;;;;;;;;;;;;;;x
PROV797;Aquae Arnemetiæ;;;;;;;;;;;;;;x
PROV798;Coccium;;;;;;;;;;;;;;x
PROV799;Treverorum;;;;;;;;;;;;;;x
PROV800;Princastellum;;;;;;;;;;;;;;x
PROV801;Beda;;;;;;;;;;;;;;x
PROV802;Fluvium Gothi;;;;;;;;;;;;;;x
PROV803;Lacus Scagenum;;;;;;;;;;;;;;x
PROV804;Lacus Udendum;;;;;;;;;;;;;;x
PROV805;Lacus Vicensis;;;;;;;;;;;;;;x
PROV806;Lacus Mioronensis;;;;;;;;;;;;;;x
PROV807;Lacus Horanaborgum;;;;;;;;;;;;;;x
PROV808;Æum;;;;;;;;;;;;;;x
PROV809;Stadunensis;;;;;;;;;;;;;;x
PROV810;Ibliodurum;;;;;;;;;;;;;;x
PROV811;Tullum;;;;;;;;;;;;;;x
PROV812;Solimariacensis;;;;;;;;;;;;;;x
PROV813;Suentensis;;;;;;;;;;;;;;x
PROV814;Salinensis;;;;;;;;;;;;;;x
PROV815;Falconis Mons;;;;;;;;;;;;;;x
PROV816;Saronensis;;;;;;;;;;;;;;x
PROV817;Còmhghall;;;;;;;;;;;;;;x
PROV818;Diùra;;;;;;;;;;;;;;x
PROV819;Àird nam Murchan;;;;;;;;;;;;;;x
PROV820;Inbhir Lochaidh;;;;;;;;;;;;;;x
PROV821;Linn Garan;;;;;;;;;;;;;;x
PROV822;Asainte;;;;;;;;;;;;;;x
PROV823;Tribri;;;;;;;;;;;;;;x
PROV824;Yell;;;;;;;;;;;;;;x
PROV825;Vara Æstuarium;;;;;;;;;;;;;;x
PROV826;Vedbo;;;;;;;;;;;;;;x
PROV827;Kils;;;;;;;;;;;;;;x
PROV828;Grums;;;;;;;;;;;;;;x
PROV829;Nordmark;;;;;;;;;;;;;;x
PROV830;Ölme;;;;;;;;;;;;;;x
PROV831;Färnebo;;;;;;;;;;;;;;x
PROV832;Fryksdal;;;;;;;;;;;;;;x
PROV833;Jönåker;;;;;;;;;;;;;;x
PROV834;Svartlösa;;;;;;;;;;;;;;x
PROV835;Selebo;;;;;;;;;;;;;;x
PROV836;Reikr;;;;;;;;;;;;;;x
PROV837;Oppunda;;;;;;;;;;;;;;x
PROV838;Örebro;;;;;;;;;;;;;;x
PROV839;Kumla;;;;;;;;;;;;;;x
PROV840;Sundbo;;;;;;;;;;;;;;x
PROV841;Tuhundra;;;;;;;;;;;;;;x
PROV842;Simtuna;;;;;;;;;;;;;;x
PROV843;Åkerbo;;;;;;;;;;;;;;x
PROV844;Nora;;;;;;;;;;;;;;x
PROV845;Vaxhalda;;;;;;;;;;;;;;x
PROV846;Närdinghundra;;;;;;;;;;;;;;x
PROV847;Våla;;;;;;;;;;;;;;x
PROV848;Gästrikland;;;;;;;;;;;;;;x
PROV849;Åsunda;;;;;;;;;;;;;;x
PROV850;Torstuna;;;;;;;;;;;;;;x
PROV851;Ärlinghundra;;;;;;;;;;;;;;x
PROV852;Färentuna;;;;;;;;;;;;;;x
PROV853;Sjuhundra;;;;;;;;;;;;;;x
PROV854;Danderyds;;;;;;;;;;;;;;x
PROV855;Frötuna;;;;;;;;;;;;;;x
PROV856;Frösåker;;;;;;;;;;;;;;
PROV857;Falun;;;;;;;;;;;;;;x
PROV858;Hedemora;;;;;;;;;;;;;;x
PROV859;Ludvika;;;;;;;;;;;;;;x
PROV860;Österdalarna;;;;;;;;;;;;;;x
PROV861;Västerdalarna;;;;;;;;;;;;;;x
PROV862;Nithersi;;;;;;;;;;;;;;x
PROV863;Almango;;;;;;;;;;;;;;x
PROV864;Patherga;;;;;;;;;;;;;;x
PROV865;Netga;;;;;;;;;;;;;;x
PROV866;Tunge;;;;;;;;;;;;;;x
PROV867;Hessim;;;;;;;;;;;;;;x
PROV868;Rhenus;;;;;;;;;;;;;;x
PROV869;Rhenus;;;;;;;;;;;;;;x
PROV870;Rhenus;;;;;;;;;;;;;;x
PROV871;Rhenus;;;;;;;;;;;;;;x
PROV872;Rhenus;;;;;;;;;;;;;;x
PROV873;Rhenus;;;;;;;;;;;;;;x
PROV874;Scaldis;;;;;;;;;;;;;;x
PROV875;Mosa;;;;;;;;;;;;;;x
PROV876;Mosa;;;;;;;;;;;;;;x
PROV877;Mosa;;;;;;;;;;;;;;x
PROV878;Mosa;;;;;;;;;;;;;;x
PROV879;Mosa;;;;;;;;;;;;;;x
PROV880;Mosella;;;;;;;;;;;;;;x
PROV881;Mosella;;;;;;;;;;;;;;x
PROV882;Isala;;;;;;;;;;;;;;x
PROV883;Fectio;;;;;;;;;;;;;;x
PROV884;Osterpurge;;;;;;;;;;;;;;x
PROV885;Bucki;;;;;;;;;;;;;;x
PROV886;Sturmi;;;;;;;;;;;;;;x
PROV887;Mosde;;;;;;;;;;;;;;x
PROV888;Lohingao;;;;;;;;;;;;;;x
PROV889;Grindiriga;;;;;;;;;;;;;;x
PROV890;Theotmalli;;;;;;;;;;;;;;x
PROV891;Auga;;;;;;;;;;;;;;x
PROV892;Tilithi;;;;;;;;;;;;;;x
PROV893;Huettago;;;;;;;;;;;;;;x
PROV894;Halmstad;;;;;;;;;;;;;;x
PROV895;Daga;;;;;;;;;;;;;;x
PROV896;Höllebo;;;;;;;;;;;;;;x
PROV897;Sunþraþríjoþinga;;;;;;;;;;;;;;x
PROV898;Fiælandsbro;;;;;;;;;;;;;;x
PROV899;Helinius;;;;;;;;;;;;;;x
PROV900;Lacus Lacinum;;;;;;;;;;;;;;x
PROV901;Lacus Hialamari;;;;;;;;;;;;;;x
PROV902;Elusa;;;;;;;;;;;;;;x
PROV903;Arelate;;;;;;;;;;;;;;x
PROV904;Augusta Auscorum;;;;;;;;;;;;;;x
PROV905;Belsinum;;;;;;;;;;;;;;x
PROV906;Lactora;;;;;;;;;;;;;;x
PROV907;Convenarum;;;;;;;;;;;;;;x
PROV908;Aquae Onesiorum;;;;;;;;;;;;;;x
PROV909;Consorannum;;;;;;;;;;;;;;x
PROV910;Bigorra;;;;;;;;;;;;;;x
PROV911;Novum Oppidum;;;;;;;;;;;;;;x
PROV912;Atura;;;;;;;;;;;;;;x
PROV913;Mons Martiani;;;;;;;;;;;;;;x
PROV914;Cossium;;;;;;;;;;;;;;x
PROV915;Alingo;;;;;;;;;;;;;;x
PROV916;Beneharnum;;;;;;;;;;;;;;x
PROV917;Aturrus;;;;;;;;;;;;;;x
PROV918;Gabarus Palensis;;;;;;;;;;;;;;x
PROV919;Iluro;;;;;;;;;;;;;;x
PROV920;Aspalluga;;;;;;;;;;;;;;x
PROV921;Boios;;;;;;;;;;;;;;x
PROV922;Losa;;;;;;;;;;;;;;x
PROV923;Aquae Tarbellicae;;;;;;;;;;;;;;x
PROV924;Coequosa;;;;;;;;;;;;;;x
PROV925;Cocosatia;;;;;;;;;;;;;;x
PROV926;Lapurdum;;;;;;;;;;;;;;x
PROV927;Subola;;;;;;;;;;;;;;x
PROV928;Senus;;;;;;;;;;;;;;x
PROV929;Senus;;;;;;;;;;;;;;x
PROV930;Cualu;;;;;;;;;;;;;;x
PROV931;Fothar Tíre;;;;;;;;;;;;;;x
PROV932;Fir Ceala;;;;;;;;;;;;;;x
PROV933;Lóegaire;;;;;;;;;;;;;;x
PROV934;Port Láirge;;;;;;;;;;;;;;x
PROV935;Mag Femin;;;;;;;;;;;;;;x
PROV936;Ros Ailithir;;;;;;;;;;;;;;x
PROV937;Cairbrigh;;;;;;;;;;;;;;x
PROV938;Béarra;;;;;;;;;;;;;;x
PROV939;Mittaine;;;;;;;;;;;;;;x
PROV940;Tri Maighe;;;;;;;;;;;;;;x
PROV941;Glendamnach;;;;;;;;;;;;;;x
PROV942;Raithleann;;;;;;;;;;;;;;x
PROV943;Uíbh Ráthach;;;;;;;;;;;;;;x
PROV944;Íarlúachair;;;;;;;;;;;;;;x
PROV945;Massilia;;;;;;;;;;;;;;x
PROV946;Inbhear Mór;;;;;;;;;;;;;;x
PROV947;Uí Fidgenti;;;;;;;;;;;;;;x
PROV948;Corcu Baiscind;;;;;;;;;;;;;;x
PROV949;Corcu Mruad;;;;;;;;;;;;;;x
PROV950;Uaithne;;;;;;;;;;;;;;x
PROV951;Fir Tulach;;;;;;;;;;;;;;x
PROV952;Tíre;;;;;;;;;;;;;;x
PROV953;Éile;;;;;;;;;;;;;;x
PROV954;Áine Cliach;;;;;;;;;;;;;;x
PROV955;Airthir Cliach;;;;;;;;;;;;;;x
PROV956;Uí Duach;;;;;;;;;;;;;;x
PROV957;Uí Bercháin;;;;;;;;;;;;;;x
PROV958;Mag Muirtheimne;;;;;;;;;;;;;;x
PROV959;Fir Rois;;;;;;;;;;;;;;x
PROV960;Luine;;;;;;;;;;;;;;x
PROV961;Uisneach;;;;;;;;;;;;;;x
PROV962;Fir Cúl Breg;;;;;;;;;;;;;;x
PROV963;Atha Luain;;;;;;;;;;;;;;x
PROV964;Aidhne;;;;;;;;;;;;;;x
PROV965;Sil Anmchada;;;;;;;;;;;;;;x
PROV966;Maenmagh;;;;;;;;;;;;;;x
PROV967;Tír Sogháin;;;;;;;;;;;;;;x
PROV968;Nuadhat;;;;;;;;;;;;;;x
PROV969;Tír Dhá Locha;;;;;;;;;;;;;;x
PROV970;Maigh Seóla;;;;;;;;;;;;;;x
PROV971;Cúile Talad;;;;;;;;;;;;;;x
PROV972;Iar-Phort;;;;;;;;;;;;;;x
PROV973;Uí hMaill;;;;;;;;;;;;;;x
PROV974;Fir Ceara;;;;;;;;;;;;;;x
PROV975;Tír Fhíacrach;;;;;;;;;;;;;;x
PROV976;Tir Ailella;;;;;;;;;;;;;;x
PROV977;Mag Máil;;;;;;;;;;;;;;x
PROV978;Gailenga;;;;;;;;;;;;;;x
PROV979;Locha na Áirne;;;;;;;;;;;;;;x
PROV980;Drom Cliabh;;;;;;;;;;;;;;x
PROV981;Dartraighe;;;;;;;;;;;;;;x
PROV982;Magh Slécht;;;;;;;;;;;;;;x
PROV983;Gailenga Mora;;;;;;;;;;;;;;x
PROV984;Uí Blathmaic;;;;;;;;;;;;;;x
PROV985;Aird Ua nEchach;;;;;;;;;;;;;;x
PROV986;Dál mBuinne;;;;;;;;;;;;;;x
PROV987;Latharne;;;;;;;;;;;;;;x
PROV988;Cianachta;;;;;;;;;;;;;;x
PROV989;Dairtre;;;;;;;;;;;;;;x
PROV990;Tuath Ratha;;;;;;;;;;;;;;x
PROV991;Arda Strátha;;;;;;;;;;;;;;x
PROV992;Tir Enda;;;;;;;;;;;;;;x
PROV993;Carraic Brachaidhe;;;;;;;;;;;;;;x
PROV994;Eas Ruaidh;;;;;;;;;;;;;;x
PROV995;Ráth Bhile;;;;;;;;;;;;;;x
PROV996;Vivarium;;;;;;;;;;;;;;x
PROV997;Durotincum;;;;;;;;;;;;;;x
PROV998;Dea;;;;;;;;;;;;;;x
PROV999;Genava;;;;;;;;;;;;;;x
PROV1000;Bellicensis;;;;;;;;;;;;;;x
PROV1001;Albanensis;;;;;;;;;;;;;;x
PROV1002;Caputlacensis;;;;;;;;;;;;;;x
PROV1003;Rhodanus;;;;;;;;;;;;;;x
PROV1004;Rhodanus;;;;;;;;;;;;;;x
PROV1005;Rhodanus;;;;;;;;;;;;;;x
PROV1006;Souconna;;;;;;;;;;;;;;x
PROV1007;Souconna;;;;;;;;;;;;;;x
PROV1008;Stangir;;;;;;;;;;;;;;x
PROV1009;Holtar;;;;;;;;;;;;;;x
PROV1010;Haugsund;;;;;;;;;;;;;;x
PROV1011;Vestmar;;;;;;;;;;;;;;x
PROV1012;Austrfirðir;;;;;;;;;;;;;;x
PROV1013;Suðrdalir;;;;;;;;;;;;;;x
PROV1014;Norðrdalir;;;;;;;;;;;;;;x
PROV1015;Suðeystridalir;;;;;;;;;;;;;;x
PROV1016;Norðeystridalir;;;;;;;;;;;;;;x
PROV1017;Skæradalir;;;;;;;;;;;;;;x
PROV1018;Fjarlir;;;;;;;;;;;;;;x
PROV1019;Sunnmœrr;;;;;;;;;;;;;;x
PROV1020;Herjárdalr;;;;;;;;;;;;;;x
PROV1021;Sundhed;;;;;;;;;;;;;;x
PROV1022;Skœn;;;;;;;;;;;;;;x
PROV1023;Norðanstig;;;;;;;;;;;;;;x
PROV1024;Aquae Sextiae;;;;;;;;;;;;;;x
PROV1025;Ad Turrem;;;;;;;;;;;;;;x
PROV1026;Apta Julia;;;;;;;;;;;;;;x
PROV1027;Segesteriorum;;;;;;;;;;;;;;x
PROV1028;Vappincum;;;;;;;;;;;;;;x
PROV1029;Mons Seleucus;;;;;;;;;;;;;;x
PROV1030;Regium;;;;;;;;;;;;;;x
PROV1031;Forum Julii;;;;;;;;;;;;;;x
PROV1032;Heraclia;;;;;;;;;;;;;;x
PROV1033;Ebrodunensis;;;;;;;;;;;;;;x
PROV1034;Brigantinus;;;;;;;;;;;;;;x
PROV1035;Dinia;;;;;;;;;;;;;;x
PROV1036;Sanitium;;;;;;;;;;;;;;x
PROV1037;Glanate;;;;;;;;;;;;;;x
PROV1038;Vintium;;;;;;;;;;;;;;x
PROV1039;Antipolis;;;;;;;;;;;;;;x
PROV1040;Cemenelum;;;;;;;;;;;;;;x
PROV1041;Vesontio;;;;;;;;;;;;;;x
PROV1042;Portisiorum;;;;;;;;;;;;;;x
PROV1043;Amausiorum;;;;;;;;;;;;;;x
PROV1044;Scutiacensis;;;;;;;;;;;;;;x
PROV1045;Epomanduodurum;;;;;;;;;;;;;;x
PROV1046;Equestricus;;;;;;;;;;;;;;x
PROV1047;Villiacensis;;;;;;;;;;;;;;x
PROV1048;Lausonensis;;;;;;;;;;;;;;x
PROV1049;Ausicensis;;;;;;;;;;;;;;x
PROV1050;Vindonissa;;;;;;;;;;;;;;x
PROV1051;Brenodunum;;;;;;;;;;;;;;x
PROV1052;Turicum;;;;;;;;;;;;;;x
PROV1053;Augusta Raurica;;;;;;;;;;;;;;x
PROV1054;Rubiacum;;;;;;;;;;;;;;x
PROV1055;Argentoratum;;;;;;;;;;;;;;x
PROV1056;Brocomagus;;;;;;;;;;;;;;x
PROV1057;Nemetum;;;;;;;;;;;;;;x
PROV1058;Tabernae;;;;;;;;;;;;;;x
PROV1059;Borbetomagus;;;;;;;;;;;;;;x
PROV1060;Rufiniana;;;;;;;;;;;;;;x
PROV1061;Mogontiacum;;;;;;;;;;;;;;x
PROV1062;Bingium;;;;;;;;;;;;;;x
PROV1063;Confluentes;;;;;;;;;;;;;;x
PROV1064;Nitherlahngowe;;;;;;;;;;;;;;x
PROV1065;Overlahngowe;;;;;;;;;;;;;;x
PROV1066;Perfgowe;;;;;;;;;;;;;;x
PROV1067;Engerisgowe;;;;;;;;;;;;;;x
PROV1068;Frideslar;;;;;;;;;;;;;;x
PROV1069;Herolfesfeld;;;;;;;;;;;;;;x
PROV1070;Wetereiba;;;;;;;;;;;;;;x
PROV1071;Nidagowe;;;;;;;;;;;;;;x
PROV1072;Untarrheingau;;;;;;;;;;;;;;x
PROV1073;Obarrheingau;;;;;;;;;;;;;;x
PROV1074;Westmaingau;;;;;;;;;;;;;;x
PROV1075;Ostmaingau;;;;;;;;;;;;;;x
PROV1076;Lobdengau;;;;;;;;;;;;;;x
PROV1077;Pfinzgau;;;;;;;;;;;;;;x
PROV1078;Ufgau;;;;;;;;;;;;;;x
PROV1079;Würmgau;;;;;;;;;;;;;;x
PROV1080;Elsenzgau;;;;;;;;;;;;;;x
PROV1081;Brettachgau;;;;;;;;;;;;;;x
PROV1082;Murrgau;;;;;;;;;;;;;;x
PROV1083;Westwingarteiba;;;;;;;;;;;;;;x
PROV1084;Ostwingarteiba;;;;;;;;;;;;;;x
PROV1085;Westjagstgau;;;;;;;;;;;;;;x
PROV1086;Eastjagstgau;;;;;;;;;;;;;;x
PROV1087;Taubergau;;;;;;;;;;;;;;x
PROV1088;Waldsassen;;;;;;;;;;;;;;x
PROV1089;Badanachgau;;;;;;;;;;;;;;x
PROV1090;Gotzfeld;;;;;;;;;;;;;;x
PROV1091;Kochergau;;;;;;;;;;;;;;x
PROV1092;Maulachgau;;;;;;;;;;;;;;x
PROV1093;Mortenau;;;;;;;;;;;;;;x
PROV1094;Breisachgau;;;;;;;;;;;;;;x
PROV1095;Albgau;;;;;;;;;;;;;;x
PROV1096;Albuinsbaar;;;;;;;;;;;;;;x
PROV1097;Pirihtilinbaar;;;;;;;;;;;;;x
PROV1098;Nagoldgau;;;;;;;;;;;;;x
PROV1099;Neckargau;;;;;;;;;;;;;x
PROV1100;Novus Portus;;;;;;;;;;;;;x
PROV1101;Noviomagus;;;;;;;;;;;;;x
PROV1102;Durolevum;;;;;;;;;;;;;x
PROV1103;Weg;;;;;;;;;;;;;x
PROV1104;Dunmow;;;;;;;;;;;;;x
PROV1105;Sleaford;;;;;;;;;;;;;x
PROV1106;Ad Abum;;;;;;;;;;;;;x
PROV1107;Vernemetum;;;;;;;;;;;;;x
PROV1108;Westun;;;;;;;;;;;;;x
PROV1109;Uxacona;;;;;;;;;;;;;x
PROV1110;Branogenium;;;;;;;;;;;;;x
PROV1111;Penychen;;;;;;;;;;;;;x
PROV1112;Talgarth;;;;;;;;;;;;;x
PROV1113;Cydweli;;;;;;;;;;;;;x
PROV1114;Pompocalia;;;;;;;;;;;;;x
PROV1115;Bravoniacum;;;;;;;;;;;;;x
PROV1116;Lys Dunaut;;;;;;;;;;;;;x
PROV1117;Cataractonium;;;;;;;;;;;;;x
PROV1118;Vinovia;;;;;;;;;;;;;x
PROV1119;Aberkernan;;;;;;;;;;;;;x
PROV1120;Carbantorigum;;;;;;;;;;;;;x
PROV1121;Ystrad Nidd;;;;;;;;;;;;;x
PROV1122;Ystrad Annan;;;;;;;;;;;;;x
PROV1123;Cwningtref;;;;;;;;;;;;;x
PROV1124;Guovan;;;;;;;;;;;;;x
PROV1125;Dunum;;;;;;;;;;;;;x
PROV1126;Alaunodunum;;;;;;;;;;;;;x
PROV1127;Muridunum;;;;;;;;;;;;;x
PROV1128;Nemetostatio;;;;;;;;;;;;;x
PROV1129;Austrebantum;;;;;;;;;;;;;x
PROV1130;Tamasiacum;;;;;;;;;;;;;x
PROV1131;Mosa;;;;;;;;;;;;;x
PROV1132;Tectis;;;;;;;;;;;;;x
PROV1133;Castrum;;;;;;;;;;;;;x
PROV1134;Tolbiacum;;;;;;;;;;;;;x
PROV1135;Garianonum;;;;;;;;;;;;;x
PROV1136;Avona;;;;;;;;;;;;;x
PROV1137;Castrum Ecclesiae;;;;;;;;;;;;;x
PROV1138;Vicanus;;;;;;;;;;;;;x
PROV1139;Witham Fens;;;;;;;;;;;;;x
PROV1140;Holland Fens;;;;;;;;;;;;;x
PROV1141;Ouse Washes;;;;;;;;;;;;;x
PROV1142;Deeping Fen;;;;;;;;;;;;;x
PROV1143;Impington;;;;;;;;;;;;;x
PROV1144;Brinavae;;;;;;;;;;;;;x
PROV1145;Alauna;;;;;;;;;;;;;x
PROV1146;Ercyng;;;;;;;;;;;;;x
PROV1147;Dubrus;;;;;;;;;;;;;x