emperor;High King;;;;;;;;;;;;;x
emperor_female;High Queen;;;;;;;;;;;;;x
emperor_anglosaxon;Bretwalda;;;;;;;;;;;;;x
emperor_anglosaxon_tribal;Bretwalda;;;;;;;;;;;;;x
emperor_imperiale;Imperator;;;;;;;;;;;;;x
emperor_female_imperiale;Imperatrix;;;;;;;;;;;;;x
emperor_roman;Imperator;;;;;;;;;;;;;x
emperor_female_roman;Imperatrix;;;;;;;;;;;;;x
HIGH_KING;High King;;;;;;;;;;;;;x
HIGH_KING_female;High Queen;;;;;;;;;;;;;x
BRETWALDA;Bretwalda;;;;;;;;;;;;;x
empire_of;High Kingdom of;;;;;;;;;;;;;x
empire_of_briton;High Kingdom of;;;;;;;;;;;;;x
empire_of_romanobritish;High Kingdom of;;;;;;;;;;;;;x
empire_of_imperiale;Imperium of;;;;;;;;;;;;;x
empire_of_roman;Imperium of;;;;;;;;;;;;;x
empire_of_oldfrankish;Empire of;;;;;;;;;;;;;x
empire_of_french;Empire of;;;;;;;;;;;;;x
empire_of_occitan;Emperi of;;;;;;;;;;;;;x
empire_of_arpitan;Empiro of;;;;;;;;;;;;;x
empire_of_franconian;Empire of;;;;;;;;;;;;;x
empire_of_dutch;Empire of;;;;;;;;;;;;;x
empire_of_frankish;Empire of;;;;;;;;;;;;;x
empire_of_oldfrankish_tribal;Empire of;;;;;;;;;;;;;x
empire_of_french_tribal;Empire of;;;;;;;;;;;;;x
empire_of_occitan_tribal;Emperi of;;;;;;;;;;;;;x
empire_of_arpitan_tribal;Empiro of;;;;;;;;;;;;;x
empire_of_franconian_tribal;Empire of;;;;;;;;;;;;;x
empire_of_dutch_tribal;Empire of;;;;;;;;;;;;;x
empire_of_frankish_tribal;Empire of;;;;;;;;;;;;;x
HEN_OGLEDD_PREFIX;High Kingdom of;;;;;;;;;;;;;x
HIGH_KINGDOM_OF;High Kingdom of;;;;;;;;;;;;;x
CYNERICE_OF;Cynerice of;;;;;;;;;;;;;x
EMPIRE_OF_GAUL;Empire of;;;;;;;;;;;;;x
KINGDOM_OF;Kingdom of;;;;;;;;;;;;;x
empires;High Kingdoms;;;;;;;;;;;;;x
empire;High Kingdom;;;;;;;;;;;;;x
king;King;;;;;;;;;;;;;x
king_female;Queen;;;;;;;;;;;;;x
tribal_king_female;Queen;;;;;;;;;;;;x
king_roman;King;;;;;;;;;;;;;x
king_female_roman;Regina;;;;;;;;;;;;;x
vice_royalty_king_roman;Governor;;;;;;;;;;;;;x
vice_royalty_king_roman_female;Domina;;;;;;;;;;;;;x
kingdom_of;Kingdom of;;;;;;;;;;;;;x
kingdom_of_roman;Kingdom of;;;;;;;;;;;;;x
KING_GOVERNOR;King;;;;;;;;;;;;;x
QUEEN_GOVERNOR;Queen;;;;;;;;;;;;;x
GOVERNOR;King;;;;;;;;;;;;;x
imperial_GOVERNOR;Governor;;;;;;;;;;;;;x
GOVERNOR_FEMALE;Queen;;;;;;;;;;;;;x
imperial_GOVERNOR_FEMALE;Domina;;;;;;;;;;;;;x
DOMINA;Domina;;;;;;;;;;;;;x
BRUDE_KING;Brude;;;;;;;;;;;;;x
KING_GOVERNOR_imperiale;Governor;;;;;;;;;;;;;x
KING_GOVERNOR_romanobritish;Governor;;;;;;;;;;;;;x
QUEEN_GOVERNOR_imperiale;Domina;;;;;;;;;;;;;x
QUEEN_GOVERNOR_romanobritish;Domina;;;;;;;;;;;;;x
TITULAR;Old ;;;;;;;;;;;;;x
TITULAR_TITLE;(no §YDe Jure§! lands);;;;;;;;;;;;;x
TRIBE_OF;Tribe of;;;;;;;;;;;;;x
IRISH_KINGDOM_OF;Kingdom of;;;;;;;;;;;;;x
BRITISH_KINGDOM_OF;Kingdom of;;;;;;;;;;;;;x
PICTISH_KINGDOM_OF;Kingdom of;;;;;;;;;;;;;x
SAXON_KINGDOM_OF;Kingdom of;;;;;;;;;;;;;x
GAUL_KINGDOM_OF;Kingdom of;;;;;;;;;;;;;x
DANE_KINGDOM_OF;Danish Kingdom of;;;;;;;;;;;;;x
kingdoms;Kingdoms;;;;;;;;;;;;;x
kingdom_of_imperiale;Province of;;;;;;;;;;;;;x
vice_royalty_kingdom_of_imperiale;Province of;;;;;;;;;;;;;x
vice_royalty_kingdom_of_roman;Province of;;;;;;;;;;;;;x
DIOCESIS_OF;Diœcesis of;;;;;;;;;;;;;x
PROVINCE_OF;Province of;;;;;;;;;;;;;x
CONSULAR_PROVINCE_OF;Consular Province of;;;;;;;;;;;;;x
VASSAL_KINGDOM_OF;Vassal Kingdom of;;;;;;;;;;;;;x
VASSAL_KINGDOM_OF_cumbrian;Vassal Kingdom of;;;;;;;;;;;;;x
VASSAL_KINGDOM_OF_imperiale;Civitas of;;;;;;;;;;;;;x
VASSAL_KINGDOM_OF_anglosaxon;Ealdormanry of;;;;;;;;;;;;;x
VASSAL_KINGDOM_OF_angle;Ealdormanry of;;;;;;;;;;;;;x
VASSAL_KINGDOM_OF_oldsaxon;Ealdormanry of;;;;;;;;;;;;;x
VASSAL_KINGDOM_OF_saxon;Aldarimanry of;;;;;;;;;;;;;x
VASSAL_KINGDOM_OF_jute;Ealdormanry of;;;;;;;;;;;;;x
VASSAL_KINGDOM_OF_oldfrisian;Ealdormanry of;;;;;;;;;;;;;x
VASSAL_KINGDOM_OF_frisian;Aldarmanry of;;;;;;;;;;;;;x
DOMAIN_OF;Domain of;;;;;;;;;;;;;x
NORSE_SETTLEMENT_OF;Norse Settlment of;;;;;;;;;;;;;x
duke_briton;High Lord;;;;;;;;;;;;;x
duke_cumbrian;High Lord;;;;;;;;;;;;;x
duke_pictish;High Chief;;;;;;;;;;;;;x
duke_gaelic;High Chief;;;;;;;;;;;;;x
duke_armorican;Prince;;;;;;;;;;;;;x
duke_breton;Prince;;;;;;;;;;;;;x
duke_roman;Comes;;;;;;;;;;;;;x
duke_imperiale;Comes;;;;;;;;;;;;;x
imperial_duke;Comes;;;;;;;;;;;;;x
subroman_duke;Comes;;;;;;;;;;;;;x
duke_visigoth;Comes;;;;;;;;;;;;;x
duke_burgundian;Comes;;;;;;;;;;;;;x
duke_ostrogoth;Comes;;;;;;;;;;;;;x
duke_vandal;Comes;;;;;;;;;;;;;x
duke_taifal;Comes;;;;;;;;;;;;;x
duke_suebic;Comes;;;;;;;;;;;;;x
duke_anglosaxon;Ealdormann;;;;;;;;;;;;;x
duke_angle;Ealdormann;;;;;;;;;;;;;x
duke_oldsaxon;Ealdormann;;;;;;;;;;;;;x
duke_saxon;Erl;;;;;;;;;;;;;x
duke_jute;Ealdormann;;;;;;;;;;;;;x
duke_oldfrisian;Ealdormann;;;;;;;;;;;;;x
duke_frisian;Aldarman;;;;;;;;;;;;;x
duke_oldirish;King;;;;;;;;;;;;;x
tribal_duke_anglosaxon;Ealdormann;;;;;;;;;;;;;x
tribal_duke_angle;Ealdormann;;;;;;;;;;;;;x
tribal_duke_oldsaxon;Ealdormann;;;;;;;;;;;;;x
tribal_duke_saxon;Aldariman;;;;;;;;;;;;;x
tribal_duke_jute;Ealdormann;;;;;;;;;;;;;x
tribal_duke_oldirish;King;;;;;;;;;;;;;x
duke_female_anglosaxon;Ides;;;;;;;;;;;;;x
duke_female_angle;Ides;;;;;;;;;;;;;x
duke_female_oldsaxon;Ides;;;;;;;;;;;;;x
duke_female_saxon;Idis;;;;;;;;;;;;;x
duke_female_jute;Ides;;;;;;;;;;;;;x
duke_female_oldfrisian;Ides;;;;;;;;;;;;;x
duke_female_frisian;Idis;;;;;;;;;;;;;x
duke_female_oldirish;Queen;;;;;;;;;;;;;x
tribal_duke_female_anglosaxon;Ides;;;;;;;;;;;;;x
tribal_duke_female_angle;Ides;;;;;;;;;;;;;x
tribal_duke_female_oldsaxon;Ides;;;;;;;;;;;;;x
tribal_duke_female_saxon;Idis;;;;;;;;;;;;;x
tribal_duke_female_jute;Ides;;;;;;;;;;;;;x
tribal_duke_female_oldfrisian;Ides;;;;;;;;;;;;;x
tribal_duke_female_frisian;Idis;;;;;;;;;;;;;x
tribal_duke_female_oldirish;Queen;;;;;;;;;;;;;x
duke_dane;Jarl;Jarl;Jarl;;Jarl;;;;;;;;;x
duke_norse_gael;Jarl;Jarl;Jarl;;Jarl;;;;;;;;;x
duke_proto_norse;Erilar;Erilar;Erilar;;Erilar;;;;;;;;;x
tribal_duke_dane;Jarl;Jarl;Jarl;;Jarl;;;;;;;;;x
tribal_duke_norse_gael;Jarl;Jarl;Jarl;;Jarl;;;;;;;;;x
tribal_duke_proto_norse;Erilar;Erilar;Erilar;;Erilar;;;;;;;;;x
duke_oldfrankish;Comes;;;;;;;;;;;;;x
duke_french;Comte;;;;;;;;;;;;;x
duke_occitan;Comte;;;;;;;;;;;;;x
duke_arpitan;Comte;;;;;;;;;;;;;x
duke_franconian;Gráfio;;;;;;;;;;;;;x
duke_dutch;Grávio;;;;;;;;;;;;;x
duke_frankish;Comes;;;;;;;;;;;;;x
tribal_duke_oldfrankish;Aldarman;;;;;;;;;;;;;x
tribal_duke_french;Marchis;;;;;;;;;;;;;x
tribal_duke_occitan;Marchis;;;;;;;;;;;;;x
tribal_duke_arpitan;Marchis;;;;;;;;;;;;;x
tribal_duke_franconian;Markagráfio;;;;;;;;;;;;;x
tribal_duke_dutch;Markagrávio;;;;;;;;;;;;;x
tribal_duke_frankish;Markón;;;;;;;;;;;;;x
#duke_germanic_pagan;;;;;;;;;;;;;x
#duke_germanic_pagan_reformed;;;;;;;;;;;;;x
vice_royalty_duke_anglosaxon;Ealdormann;;;;;;;;;;;;;x
vice_royalty_duke_angle;Ealdormann;;;;;;;;;;;;;x
vice_royalty_duke_oldsaxon;Ealdormann;;;;;;;;;;;;;x
vice_royalty_duke_saxon;Aldariman;;;;;;;;;;;;;x
vice_royalty_duke_jute;Ealdormann;;;;;;;;;;;;;x
vice_royalty_duke_oldfrisian;Ealdormann;;;;;;;;;;;;;x
vice_royalty_duke_frisian;Aldarman;;;;;;;;;;;;;x
vice_royalty_duke_roman;Comes;;;;;;;;;;;;;x
vice_royalty_duke_imperiale;Comes;;;;;;;;;;;;;x
vice_royalty_duke_roman_female;High Lady;;;;;;;;;;;;;x
vice_royalty_duke_imperiale_female;High Lady;;;;;;;;;;;;;x
duke;High Lord;;;;;;;;;;;;;x
duke_female;High Lady;;;;;;;;;;;;;x
duke_female_roman;High Lady;;;;;;;;;;;;;x
duchy_of;High Lordship of;;;;;;;;;;;;;x
duchy_of_anglosaxon;Ealdormanry of;;;;;;;;;;;;;x
duchy_of_angle;Ealdormanry of;;;;;;;;;;;;;x
duchy_of_oldsaxon;Ealdormanry of;;;;;;;;;;;;;x
duchy_of_saxon;Aldarimanry of;;;;;;;;;;;;;x
duchy_of_jute;Ealdormanry of;;;;;;;;;;;;;x
duchy_of_oldfrisian;Ealdormanry of;;;;;;;;;;;;;x
duchy_of_frisian;Aldarmanry of;;;;;;;;;;;;;x
duchy_of_dane;Jarldom of;;;;;;;;;;;;;x
duchy_of_norse_gael;Jarldom of;;;;;;;;;;;;;x
duchy_of_proto_norse;Jarldom of;;;;;;;;;;;;;x
duchy_of_armorican;Principality of;;;;;;;;;;;;;x
duchy_of_breton;Principality of;;;;;;;;;;;;;x
duchy_of_imperiale;Civitas of;;;;;;;;;;;;;x
duchy_of_roman;Civitas of;;;;;;;;;;;;;x
imperial_duchy_of;Civitas of;;;;;;;;;;;;;x
subroman_duchy_of;Civitas of;;;;;;;;;;;;;x
duchy_of_visigoth;Civitas of;;;;;;;;;;;;;x
duchy_of_burgundian;Civitas of;;;;;;;;;;;;;x
duchy_of_ostrogoth;Civitas of;;;;;;;;;;;;;x
duchy_of_vandal;Civitas of;;;;;;;;;;;;;x
duchy_of_taifal;Civitas of;;;;;;;;;;;;;x
duchy_of_suebic;Civitas of;;;;;;;;;;;;;x
duchy_of_pictish;High Chiefdom of;;;;;;;;;;;;;x
duchy_of_gaelic;High Chiefdom of;;;;;;;;;;;;;x
#duchy_of_oldirish;High Chiefdom of;;;;;;;;;;;;;x
duchy_of_cumbrian;High Lordship of;;;;;;;;;;;;;x
duchy_of_oldfrankish;County of;;;;;;;;;;;;;x
duchy_of_french;Conte of;;;;;;;;;;;;;x
duchy_of_occitan;Comtat of;;;;;;;;;;;;;x
duchy_of_arpitan;Comtat of;;;;;;;;;;;;;x
duchy_of_franconian;County of;;;;;;;;;;;;;x
duchy_of_dutch;County of;;;;;;;;;;;;;x
duchy_of_frankish;County of;;;;;;;;;;;;;x
#duchy_of_visigoth;High March of;;;;;;;;;;;;;x
vice_royalty_duchy_of_anglosaxon;Ealdormanry;;;;;;;;;;;;;x
vice_royalty_duchy_of_angle;Ealdormanry;;;;;;;;;;;;;x
vice_royalty_duchy_of_oldsaxon;Ealdormanry;;;;;;;;;;;;;x
vice_royalty_duchy_of_saxon;Aldarimanry;;;;;;;;;;;;;x
vice_royalty_duchy_of_jute;Ealdormanry;;;;;;;;;;;;;x
vice_royalty_duchy_of_oldfrisian;Ealdormanry;;;;;;;;;;;;;x
vice_royalty_duchy_of_frisian;Aldarmanry;;;;;;;;;;;;;x
vice_royalty_duchy_of_imperiale;Civitas of;;;;;;;;;;;;;x
vice_royalty_duchy_of_roman;Civitas of;;;;;;;;;;;;;x
duchies;High Lordships;;;;;;;;;;;;;x
duchy;High Lordship;;;;;;;;;;;;;;x
tribal_duchy_of;High Lordship of;;;;;;;;;;;;;x
tribal_duchy_of_anglosaxon;Ealdormanry of;;;;;;;;;;;;;x
tribal_duchy_of_angle;Ealdormanry of;;;;;;;;;;;;;x
tribal_duchy_of_oldsaxon;Ealdormanry of;;;;;;;;;;;;;x
tribal_duchy_of_saxon;Aldarimanry of;;;;;;;;;;;;;x
tribal_duchy_of_jute;Ealdormanry of;;;;;;;;;;;;;x
tribal_duchy_of_oldfrisian;Ealdormanry of;;;;;;;;;;;;;x
tribal_duchy_of_frisian;Aldarmanry of;;;;;;;;;;;;;x
tribal_duchy_of_dane;Jarldom of;;;;;;;;;;;;;x
tribal_duchy_of_norse_gael;Jarldom of;;;;;;;;;;;;;x
tribal_duchy_of_proto_norse;Jarldom of;;;;;;;;;;;;;x
tribal_duchy;;;;;;;;;;;;;;x
duchy_oldirish;Cenél;;;;;;;;;;;;;x
duchy_gaelic;Cenél;;;;;;;;;;;;;x
tribal_duchy_oldirish;Cenél;;;;;;;;;;;;;x
tribal_duchy_gaelic;Cenél;;;;;;;;;;;;;x
MARCH_OF;March of;;;;;;;;;;;;;x
MARGRAVE;Margrave;;;;;;;;;;;;;x
MARGRAVINE;Margravine;;;;;;;;;;;;;x
COUNTY_OF_GAUL;County of;;;;;;;;;;;;;x
COUNTY_OF_GAUL_anglosaxon;Ealdormanry of;;;;;;;;;;;;;x
COUNTY_OF_GAUL_angle;Ealdormanry of;;;;;;;;;;;;;x
COUNTY_OF_GAUL_oldsaxon;Ealdormanry of;;;;;;;;;;;;;x
COUNTY_OF_GAUL_saxon;Aldarimanry of;;;;;;;;;;;;;x
COUNTY_OF_GAUL_jute;Ealdormanry of;;;;;;;;;;;;;x
COUNTY_OF_GAUL_oldfrisian;Ealdormanry of;;;;;;;;;;;;;x
COUNTY_OF_GAUL_frisian;Aldarmanry of;;;;;;;;;;;;;x
tribal_COUNTY_OF_GAUL;High Chiefdom of;;;;;;;;;;;;;x
DUCHY_OF_GAUL;Duchy of;;;;;;;;;;;;;x
DUKE_GAUL;Duke;;;;;;;;;;;;;x
DUCHESS_GAUL;Duchess;;;;;;;;;;;;;x
HIGH_CHIEFDOM_OF;High Chiefdom of;;;;;;;;;;;;;x
EORLDOM_OF;Eorldom of;;;;;;;;;;;;;x
DANE_JARLDOM_OF;Jarldom of;;;;;;;;;;;;;x
DANE_CHIEFDOM_OF;Chiefdom of;;;;;;;;;;;;;x
CENEL_OF;Cenél of;;;;;;;;;;;;;x
CENEL_OF_oldirish;Cenél of;;;;;;;;;;;;;x
CENEL_OF_gaelic;Cenél of;;;;;;;;;;;;;x
CENEL_OF_christian;Cenél of;;;;;;;;;;;;;x
BRITISH_CHIEFDOM;High Chiefdom of;;;;;;;;;;;;;x
BRITISH_PRINCIPALITY;Principality of;;;;;;;;;;;;;x
BRITISH_PRINCIPALITY_imperiale;Civitas of;;;;;;;;;;;;;x
CIVITAS_OF;Civitas of;;;;;;;;;;;;;x
PRAEFECTURE_OF_armorican;Principality of;;;;;;;;;;;;;x
PRAEFECTURE_OF_breton;Principality of;;;;;;;;;;;;;x
PRAEFECTURE_OF_oldfrankish;County of;;;;;;;;;;;;;x
PRAEFECTURE_OF_french;Conte of;;;;;;;;;;;;;x
PRAEFECTURE_OF_occitan;Comtat of;;;;;;;;;;;;;x
PRAEFECTURE_OF_arpitan;Comtat of;;;;;;;;;;;;;x
PRAEFECTURE_OF_franconian;County of;;;;;;;;;;;;;x
PRAEFECTURE_OF_dutch;County of;;;;;;;;;;;;;x
PRAEFECTURE_OF_frankish;County of;;;;;;;;;;;;;x
PREATORIAN_PREFECTURE_OF;Praetorian Prefecture of;;;;;;;;;;;;;x
PREATORIAN_PREFECT;Praetorian Prefect;;;;;;;;;;;;;x
count;Lord;;;;;;;;;;;;;x
count_female;Lady;;;;;;;;;;;;;x
count_briton;Lord;;;;;;;;;;;;;x
count_armorican;Lord;;;;;;;;;;;;;x
count_breton;Lord;;;;;;;;;;;;;x
count_cumbrian;Lord;;;;;;;;;;;;;x
count_anglosaxon;Walda;;;;;;;;;;;;;x
count_angle;Walda;;;;;;;;;;;;;x
count_oldsaxon;Walda;;;;;;;;;;;;;x
count_saxon;Walda;;;;;;;;;;;;;x
count_jute;Walda;;;;;;;;;;;;;x
count_oldfrisian;Walda;;;;;;;;;;;;;x
count_frisian;Walda;;;;;;;;;;;;;x
tribal_count_anglosaxon;Walda;;;;;;;;;;;;;x
tribal_count_angle;Walda;;;;;;;;;;;;;x
tribal_count_oldsaxon;Walda;;;;;;;;;;;;;x
tribal_count_saxon;Walda;;;;;;;;;;;;;x
tribal_count_jute;Walda;;;;;;;;;;;;;x
tribal_count_oldfrisian;Walda;;;;;;;;;;;;;x
tribal_count_frisian;Walda;;;;;;;;;;;;;x
count_dane;Lendman;;;;;;;;;;;;;x
count_norse_gael;Lendman;;;;;;;;;;;;;x
count_proto_norse;Lendman;;;;;;;;;;;;;x
tribal_count_dane;Lendman;;;;;;;;;;;;;x
tribal_count_norse_gael;Lendman;;;;;;;;;;;;;x
tribal_count_proto_norse;Lendman;;;;;;;;;;;;;x
count_pictish;Chief;;;;;;;;;;;;;x
count_gaelic;Chief;;;;;;;;;;;;;x
count_oldirish;Lord;;;;;;;;;;;;;x
count_roman;Dominus;;;;;;;;;;;;;x
count_female_imperiale;Domina;;;;;;;;;;;;;x
count_female_roman;Domina;;;;;;;;;;;;;x
counties;Provinces;;;;;;;;;;;;;x
county_of;Lordship of;;;;;;;;;;;;;x
county_of_anglosaxon;Scir of;;;;;;;;;;;;;x
county_of_angle;Scir of;;;;;;;;;;;;;x
county_of_oldsaxon;Scir of;;;;;;;;;;;;;x
county_of_saxon;Gá of;;;;;;;;;;;;;x
county_of_jute;Scir of;;;;;;;;;;;;;x
county_of_oldfrisian;Scir of;;;;;;;;;;;;;x
county_of_frisian;Gá of;;;;;;;;;;;;;x
tribal_county_of_anglosaxon;Scir of;;;;;;;;;;;;;x
tribal_county_of_angle;Scir of;;;;;;;;;;;;;x
tribal_county_of_oldsaxon;Scir of;;;;;;;;;;;;;x
tribal_county_of_saxon;Skir of;;;;;;;;;;;;;x
tribal_county_of_jute;Scir of;;;;;;;;;;;;;x
tribal_county_of_oldfrisian;Scir of;;;;;;;;;;;;;x
tribal_county_of_frisian;Skir of;;;;;;;;;;;;;x
county_of_dane;Fylki of;;;;;;;;;;;;;x
county_of_norse_gael;Fylki of;;;;;;;;;;;;;x
county_of_proto_norse;Fulka of;;;;;;;;;;;;;x
tribal_county_of_dane;Fylki of;;;;;;;;;;;;;x
tribal_county_of_norse_gael;Fylki of;;;;;;;;;;;;;x
tribal_county_of_proto_norse;Fulki of;;;;;;;;;;;;;x
county_of_imperiale;Pagus of;;;;;;;;;;;;;x
county_of_roman;Pagus of;;;;;;;;;;;;;x
imperial_county_of;Pagus of;;;;;;;;;;;;;x
subroman_county_of;Pagus of;;;;;;;;;;;;;x
tribal_county_of_pictish;Glen of;;;;;;;;;;;;;x
county_of_gaelic;Túath of;;;;;;;;;;;;;x
tribal_county_of_gaelic;Túath of;;;;;;;;;;;;;x
county_of_oldirish;Túath of;;;;;;;;;;;;;x
tribal_county_of_oldirish;Túath of;;;;;;;;;;;;;x
county_of_oldfrankish;Gowe of;;;;;;;;;;;;;x
county_of_french;Païs of;;;;;;;;;;;;;x
county_of_occitan;Pais of;;;;;;;;;;;;;x
county_of_arpitan;Payis of;;;;;;;;;;;;;x
county_of_franconian;Gawi of;;;;;;;;;;;;;x
county_of_dutch;Gó of;;;;;;;;;;;;;x
county_of_frankish;Gowe of;;;;;;;;;;;;;x
county_of_oldalemannic;Gau of;;;;;;;;;;;;;x
county_of_alemannic;Gau of;;;;;;;;;;;;;x
baron;Lord;;;;;;;;;;;;;x
baron_female;Lady;;;;;;;;;;;;;x
baron_anglosaxon;Þegn;;;;;;;;;;;;;x
baron_angle;Þegn;;;;;;;;;;;;;x
baron_oldsaxon;Þegn;;;;;;;;;;;;;x
baron_saxon;Þegan;;;;;;;;;;;;;x
baron_jute;Þegn;;;;;;;;;;;;;x
baron_oldfrisian;Þegn;;;;;;;;;;;;;x
baron_frisian;Þegan;;;;;;;;;;;;;x
baron_dane;Þegn;;;;;;;;;;;;;x
baron_norse_gael;Þegn;;;;;;;;;;;;;x
baron_proto_norse;Þegnar;;;;;;;;;;;;;x
baron_briton;Lord;;;;;;;;;;;;;x
baron_cumbrian;Lord;;;;;;;;;;;;;x
baron_pictish;Chieftain;;;;;;;;;;;;;x
baron_gaelic;Chieftain;;;;;;;;;;;;;x
baron_roman;Dominus;;;;;;;;;;;;;x
#baron_pagan_group;;;;;;;;;;;;;;x
barony_of;Fief of;;;;;;;;;;;;;x
barony_of_pictish;Chiefdom of;;;;;;;;;;;;;x
barony_of_gaelic;Chiefdom of;;;;;;;;;;;;;x
barony_of_dane;Þegndom of;;;;;;;;;;;;;x
barony_of_norse_gael;Þegndom of;;;;;;;;;;;;;x
barony_of_proto_norse;Þegnardom of;;;;;;;;;;;;;x
barony_of_imperiale;Castrum of;;;;;;;;;;;;;x
baronies;Fiefs;;;;;;;;;;;;;x
PORT_OF;Port of;;;;;;;;;;;;;x
city_empire_of;Republic of;;;;;;;;;;;;;x
city_empire_of_roman;Republic of;;;;;;;;;;;;;x
city_emperor;Proconsul;;;;;;;;;;;;;x
city_emperor_roman;Proconsul;;;;;;;;;;;;;x
city_emperor_female;Domina Proconsularis;;;;;;;;;;;;;x
city_emperor_female_roman;Domina Proconsularis;;;;;;;;;;;;;x
city_kingdom_of;League of;;;;;;;;;;;;;x
city_kingdom_roman;League;;;;;;;;;;;;;x
city_king;Republican Consul;;;;;;;;;;;;;x
city_king_roman;Republican Consul;;;;;;;;;;;;;x
city_king_female;Domina Consularis;;;;;;;;;;;;;x
city_king_female_roman;Domina Consularis;;;;;;;;;;;;;x
city_duke;Republican Prætor;;;;;;;;;;;;;x
city_duke_oldirish;High Chancellor;;;;;;;;;;;;;x
city_duke_gaelic;High Chancellor;;;;;;;;;;;;;x
city_duke_dane;Staðavörðr;;;;;;;;;;;;;x
city_duke_norse_gael;Staðavörðr;;;;;;;;;;;;;x
city_duke_proto_norse;Staðawarður;;;;;;;;;;;;;x
city_duke_oldfrankish;Stadiward;;;;;;;;;;;;;x
city_duke_french;Maire d'estat;;;;;;;;;;;;;x
city_duke_occitan;Major d'estat;;;;;;;;;;;;;x
city_duke_arpitan;Major d'estat;;;;;;;;;;;;;x
city_duke_franconian;Statowart;;;;;;;;;;;;;x
city_duke_dutch;Stediówart;;;;;;;;;;;;;x
city_duke_frankish;Stedióward;;;;;;;;;;;;;x
city_duke_anglosaxon;Stedaweard;;;;;;;;;;;;;x
city_duke_angle;Stedaweard;;;;;;;;;;;;;x
city_duke_oldsaxon;Stedaweard;;;;;;;;;;;;;x
city_duke_saxon;Stedióward;;;;;;;;;;;;;x
city_duke_oldfrisian;Stedaweard;;;;;;;;;;;;;x
city_duke_frisian;Stedawarder;;;;;;;;;;;;;x
city_duke_female;Lady;;;;;;;;;;;;;x
city_duchy_of;Civil Diœcesis of;;;;;;;;;;;;;x
city_duchy_of_roman;Civil Diœcesis of;;;;;;;;;;;;;x
city_duchy_of_oldirish;Federation of;;;;;;;;;;;;;x
city_duchy_of_gaelic;Federation of;;;;;;;;;;;;;x
city_duchy_of_dane;Fríland of;;;;;;;;;;;;;x
city_duchy_of_norse_gael;Fríland of;;;;;;;;;;;;;x
city_duchy_of_proto_norse;Frijalanda of;;;;;;;;;;;;;x
city_duchy_of_oldfrankish;Fríamarka of;;;;;;;;;;;;;x
city_duchy_of_french;Estat de ciutat of;;;;;;;;;;;;;x
city_duchy_of_occitan;Estat de ciutat of;;;;;;;;;;;;;x
city_duchy_of_arpitan;Estat de ciutat of;;;;;;;;;;;;;x
city_duchy_of_franconian;Frímarka of;;;;;;;;;;;;;x
city_duchy_of_dutch;Frímarka of;;;;;;;;;;;;;x
city_duchy_of_frankish;Frímarka of;;;;;;;;;;;;;x
city_duchy_of_anglosaxon;Fréoland of;;;;;;;;;;;;;x
city_duchy_of_angle;Fréoland of;;;;;;;;;;;;;x
city_duchy_of_oldsaxon;Fréoland of;;;;;;;;;;;;;x
city_duchy_of_saxon;Fríland of;;;;;;;;;;;;;x
city_duchy_of_jute;Fréoland of;;;;;;;;;;;;;x
city_duchy_of_oldfrisian;Fréoland of;;;;;;;;;;;;;x
city_duchy_of_frisian;Fríland of;;;;;;;;;;;;;x
city_duchy_roman;Civil Diœcesis of;;;;;;;;;;;;;x
city_count;Legatus;;;;;;;;;;;;;x
city_count_female;Lady;;;;;;;;;;;;;x
city_count_oldirish;Máistir;;;;;;;;;;;;;x
city_count_gaelic;Meor;;;;;;;;;;;;;x
city_count_dane;Staðarvörðr;;;;;;;;;;;;;x
city_count_norse_gael;Staðarvörðr;;;;;;;;;;;;;x
city_count_proto_norse;Staðarwarður;;;;;;;;;;;;;x
city_count_oldfrankish;Stadiward;;;;;;;;;;;;;x
city_count_french;Grantmaire;;;;;;;;;;;;;x
city_count_occitan;Granmajor;;;;;;;;;;;;;x
city_count_arpitan;Grantmajor;;;;;;;;;;;;;x
city_count_franconian;Statswart;;;;;;;;;;;;;x
city_count_dutch;Stedieswart;;;;;;;;;;;;;x
city_count_frankish;Stediesward;;;;;;;;;;;;;x
city_count_anglosaxon;Stedesweard;;;;;;;;;;;;;x
city_count_angle;Stedesweard;;;;;;;;;;;;;x
city_count_oldsaxon;Stedesweard;;;;;;;;;;;;;x
city_count_saxon;Stediesward;;;;;;;;;;;;;x
city_count_jute;Stedesweard;;;;;;;;;;;;;x
city_count_oldfrisian;Stedesweard;;;;;;;;;;;;;x
city_count_frisian;Stedeswarder;;;;;;;;;;;;;x
city_count_imperiale;Ædile;;;;;;;;;;;;;x
city_count_roman;Ædile;;;;;;;;;;;;;x
city_count_roman_female;Lady;;;;;;;;;;;;;x
city_county_of;Commune of;;;;;;;;;;;;;x
city_county_of_oldirish;Trade District of;;;;;;;;;;;;;x
city_county_of_gaelic;Trade District of;;;;;;;;;;;;;x
city_county_of_imperiale;Municipium of;;;;;;;;;;;;;x
city_county_of_roman;Municipium of;;;;;;;;;;;;;x
city_county_of_romanobritish;Municipium of;;;;;;;;;;;;;x
city_county_of_dane;Borg of;;;;;;;;;;;;;x
city_county_of_norse_gael;Borg of;;;;;;;;;;;;;x
city_county_of_proto_norse;Borgar of;;;;;;;;;;;;;x
city_county_of_anglosaxon;Burh of;;;;;;;;;;;;;x
city_county_of_angle;Burh of;;;;;;;;;;;;;x
city_county_of_oldsaxon;Burh of;;;;;;;;;;;;;x
city_county_of_saxon;Burg of;;;;;;;;;;;;;x
city_county_of_jute;Burh of;;;;;;;;;;;;;x
city_county_of_oldfrisian;Burh of;;;;;;;;;;;;;x
city_county_of_frisian;Burch of;;;;;;;;;;;;;x
city_county_imperiale;Municipium of;;;;;;;;;;;;;x
city_county_roman;Municipium of;;;;;;;;;;;;;x
city_barony_of;Town of;;;;;;;;;;;;;x
city_barony_of_imperiale;Vicus of;;;;;;;;;;;;;x
city_barony_of_roman;Vicus of;;;;;;;;;;;;;x
city_barony;Vicus;;;;;;;;;;;;;x
city_barony;Vicus;;;;;;;;;;;;;x
city_baron;Mayor;;;;;;;;;;;;;x
city_baron_anglosaxon;Burhheafod;;;;;;;;;;;;;x
city_baron_angle;Burhheafod;;;;;;;;;;;;;x
city_baron_oldsaxon;Burhheafod;;;;;;;;;;;;;x
city_baron_saxon;Burghovid;;;;;;;;;;;;;x
city_baron_jute;Burhheafod;;;;;;;;;;;;;x
city_baron_oldfrisian;Burhheafod;;;;;;;;;;;;;x
city_baron_frisian;Burchhaved;;;;;;;;;;;;;x
city_baron_dane;Burhhöfuð;;;;;;;;;;;;;x
city_baron_norse_gael;Burhhöfuð;;;;;;;;;;;;;x
city_baron_proto_norse;Borgarhauvuda;;;;;;;;;;;;;x
city_baron_imperiale;Quæstor;;;;;;;;;;;;;x
city_baron_roman;Quæstor;;;;;;;;;;;;;x
city_baron_female_roman;Lady;;;;;;;;;;;;;x
city_baron_pictish;Maér;;;;;;;;;;;;;x
city_baron_gaelic;Meor;;;;;;;;;;;;;x
city_baron_oldirish;Máistir;;;;;;;;;;;;;x
city_baron_oldfrankish;Wíkward;;;;;;;;;;;;;x
city_baron_french;Maire;;;;;;;;;;;;;x
city_baron_occitan;Major;;;;;;;;;;;;;x
city_baron_arpitan;Major;;;;;;;;;;;;;x
city_baron_franconian;Wíhwart;;;;;;;;;;;;;x
city_baron_dutch;Wíkwart;;;;;;;;;;;;;x
city_baron_frankish;Wíkward;;;;;;;;;;;;;x
city_baron_briton;Town Master;;;;;;;;;;;;;x
city_baron_cumbrian;Town Master;;;;;;;;;;;;;x
NUNCIO;Papal Nuncio;;;;;;;;;;;;;x
NUNCIO_FOA;Your Holiness;;;;;;;;;;;;;x
PONTIFEX_MAXIMUS;Pontifex Maximus;Pontifex Maximus;Pontifex Maximus;;Pontifex Maximus;;;;;;;;;x
imperial_PONTIFEX_MAXIMUS;Imperator;;;;;;;;;;;;;x
PONTIFEX_MAXIMUS_FOA;Your Holiness;Sa Sainteté;Eure Heiligkeit;;Su Santidad;;;;;;;;;x
ARIAN_POPE;Arian Pope;;;;;;;;;;;;;x
APOSTLE;Apostle;;;;;;;;;;;;;x
APOSTLE_FOA;Your Holiness;;;;;;;;;;;;x
METROPOLITAN;Metropolitan;;;;;;;;;;;;x
;;;;;;;;;;;;;;
MAGISTRATE;Magistrate;;;;;;;;;;;;;x
PRINCE;High Lord;;;;;;;;;;;;;x
PRINCE_briton;Prince;;;;;;;;;;;;;x
PRINCE_romanobritish;Prince;;;;;;;;;;;;;x
PRINCE_armorican;Prince;;;;;;;;;;;;;x
PRINCE_breton;Prince;;;;;;;;;;;;;x
PRINCE_imperiale;Comes;;;;;;;;;;;;;x
PRINCE_anglosaxon;Ealdormann;;;;;;;;;;;;;x
PRINCE_angle;Ealdormann;;;;;;;;;;;;;x
PRINCE_oldsaxon;Ealdormann;;;;;;;;;;;;;x
PRINCE_saxon;Erl;;;;;;;;;;;;;x
PRINCE_jute;Ealdormann;;;;;;;;;;;;;x
PRINCE_frisian;Ealdormann;;;;;;;;;;;;;x
PRINCE_oldfrisian;Aldarman;;;;;;;;;;;;;x
PRINCE_dane;Jarl;;;;;;;;;;;;;x
PRINCE_norse_gael;Jarl;;;;;;;;;;;;;x
PRINCE_proto_norse;Erilar;;;;;;;;;;;;;x
PRINCE_oldfrankish;Comes;;;;;;;;;;;;;x
PRINCE_french;Comte;;;;;;;;;;;;;x
PRINCE_occitan;Comte;;;;;;;;;;;;;x
PRINCE_arpitan;Comte;;;;;;;;;;;;;x
PRINCE_franconian;Gráfio;;;;;;;;;;;;;x
PRINCE_dutch;Grávio;;;;;;;;;;;;;x
PRINCE_frankish;Comes;;;;;;;;;;;;;x
HIGHLADY;High Lady;;;;;;;;;;;;;x
CONSUL;Consul;;;;;;;;;;;;;x
CONSUL_female;High Lady;;;;;;;;;;;;;x
PRAEFECTUS;Præfectus;;;;;;;;;;;;;x
PRAEFECTUS_anglosaxon;Walda;;;;;;;;;;;;;x
PRAEFECTUS_angle;Walda;;;;;;;;;;;;;x
PRAEFECTUS_oldsaxon;Walda;;;;;;;;;;;;;x
PRAEFECTUS_saxon;Walda;;;;;;;;;;;;;x
PRAEFECTUS_jute;Walda;;;;;;;;;;;;;x
PRAEFECTUS_oldfrisian;Walda;;;;;;;;;;;;;x
PRAEFECTUS_frisian;Walda;;;;;;;;;;;;;x
PRAEFECTUS_female;Lady;;;;;;;;;;;;;x
PRAEFECTUS_COMESIO;Præfectus Prætorio;;;;;;;;;;;;;x
GLENMASTER;Glen Master;;;;;;;;;;;;;x
CONSUL_MAXIMUS;Consul Maximus;;;;;;;;;;;;;x
COMES;Comes;;;;;;;;;;;;;x
COMES_female;High Lady;;;;;;;;;;;;;x
COMES_anglosaxon;Ealdormann;;;;;;;;;;;;;x
COMES_angle;Ealdormann;;;;;;;;;;;;;x
COMES_oldsaxon;Ealdormann;;;;;;;;;;;;;x
COMES_saxon;Erl;;;;;;;;;;;;;x
COMES_jute;Ealdormann;;;;;;;;;;;;;x
COMES_oldfrisian;Ealdormann;;;;;;;;;;;;;x
COMES_frisian;Aldarman;;;;;;;;;;;;;x
COMES_dane;Jarl;;;;;;;;;;;;;x
COMES_norse_gael;Jarl;;;;;;;;;;;;;x
COMES_proto_norse;Erilar;;;;;;;;;;;;;x
COMES_briton;High Lord;;;;;;;;;;;;;x
COMES_cumbrian;High Lord;;;;;;;;;;;;;x
COMES_armorican;Prince;;;;;;;;;;;;;x
COMES_breton;Prince;;;;;;;;;;;;;x
COMES_oldfrankish;Comes;;;;;;;;;;;;;x
COMES_french;Comte;;;;;;;;;;;;;x
COMES_occitan;Comte;;;;;;;;;;;;;x
COMES_arpitan;Comte;;;;;;;;;;;;;x
COMES_franconian;Gráfio;;;;;;;;;;;;;x
COMES_dutch;Grávio;;;;;;;;;;;;;x
COMES_frankish;Comes;;;;;;;;;;;;;x
COMES_burgundian;Comes;;;;;;;;;;;;;x
COMES_visigoth;Comes;;;;;;;;;;;;;x
COMES_thuringian;Comte;;;;;;;;;;;;;x
COMES_ostrogoth;Comes;;;;;;;;;;;;;x
PRAESES;Præses;;;;;;;;;;;;;x
PRAESES_female;High Lady;;;;;;;;;;;;;x
DUX;Dux;;;;;;;;;;;;;x
DUX_female;High Lady;;;;;;;;;;;;;x
DOMINUS;Dominus;;;;;;;;;;;;;x
DOMINUS_female;Domina;;;;;;;;;;;;;x
DOMINUS_FOA;Your Excellency;;;;;;;;;;;;;x
LEGATUS;Legatus;;;;;;;;;;;;;x
GUARDIAN;Guardian;;;;;;;;;;;;;x
PORTMASTER;Port Master;;;;;;;;;;;;;x
HUSCARL;Huscarl;;;;;;;;;;;;;x
PROTECTOR;Protector;;;;;;;;;;;;;x
MAIDEN;Maiden;;;;;;;;;;;;;x
FRANKLANDKING;Emperor;;;;;;;;;;;;;x
FRANKLANDKING_oldfrankish;Frankaþéodan;;;;;;;;;;;;;x
FRANKLANDKING_frankish;Frankaþéodan;;;;;;;;;;;;;x
FRANKLANDKING_dutch;Frankeþíatan;;;;;;;;;;;;;x
FRANKLANDKING_franconian;Frankediotan;;;;;;;;;;;;;x
FRANKLANDKING_french;Empereor;;;;;;;;;;;;;x
FRANKLANDKING_occitan;Emperador;;;;;;;;;;;;;x
FRANKLANDKING_arpitan;Empiror;;;;;;;;;;;;;x
FRANKLANDKING_female;Empress;;;;;;;;;;;;;x
FRANKLANDKING_female_french;Empereriz;;;;;;;;;;;;;x
FRANKLANDKING_female_occitan;Emperadriz;;;;;;;;;;;;;x
FRANKLANDKING_female_arpitan;Empiroriz;;;;;;;;;;;;;x
VASSALKING;Vassal King;;;;;;;;;;;;;x
VASSALKING_roman;Comes;;;;;;;;;;;;;x
VASSALKING_anglosaxon;Ealdormann;;;;;;;;;;;;;x
VASSALKING_angle;Ealdormann;;;;;;;;;;;;;x
VASSALKING_oldsaxon;Ealdormann;;;;;;;;;;;;;x
VASSALKING_saxon;Erl;;;;;;;;;;;;;x
VASSALKING_jute;Ealdormann;;;;;;;;;;;;;x
VASSALKING_oldfrisian;Ealdormann;;;;;;;;;;;;;x
VASSALKING_frisian;Aldarman;;;;;;;;;;;;;x
imperial_VASSALKING;Comes;;;;;;;;;;;;;x
VASSALQUEEN;Vassal Queen;;;;;;;;;;;;;x
VASSALQUEEN_imperiale;High Lady;;;;;;;;;;;;;x
VASSALQUEEN_anglosaxon;Ides;;;;;;;;;;;;;x
VASSALQUEEN_angle;Ides;;;;;;;;;;;;;x
VASSALQUEEN_oldsaxon;Ides;;;;;;;;;;;;;x
VASSALQUEEN_saxon;Idis;;;;;;;;;;;;;x
VASSALQUEEN_jute;Ides;;;;;;;;;;;;;x
VASSALQUEEN_oldfrisian;Ides;;;;;;;;;;;;;x
VASSALQUEEN_frisian;Idis;;;;;;;;;;;;;x
HIGHPRIEST;High Priest;;;;;;;;;;;;;x
HOVIT;Haubit;;;;;;;;;;;;;x
HOVIT_oldfrankish;Haubit;;;;;;;;;;;;;x
HOVIT_frankish;Hóvit;;;;;;;;;;;;;x
HOVIT_dutch;Hóvit;;;;;;;;;;;;;x
HOVIT_franconian;Houbit;;;;;;;;;;;;;x
HOVITA;Haubita;;;;;;;;;;;;;x
HOVITA_oldfrankish;Haubita;;;;;;;;;;;;;x
HOVITA_frankish;Hóvita;;;;;;;;;;;;;x
HOVITA_dutch;Hóvita;;;;;;;;;;;;;x
HOVITA_franconian;Houbita;;;;;;;;;;;;;x
HOVIT_FOA;High Head;;;;;;;;;;;;;x
BOUMRIG;Boumrig;;;;;;;;;;;;;x
BOUMRIGA;Boumriga;;;;;;;;;;;;;x
BOUMRIG_FOA;Herald of Oak and Ash;;;;;;;;;;;;;x
FARAFRAUJA;Farafrauja;;;;;;;;;;;;;x
FARAFRÁUJO;Farafráujo;;;;;;;;;;;;;x
FARAFRAUJA_FOA;Great Traveller;;;;;;;;;;;;;x
FYLKIR;Fylkir;;;;;;;;;;;;;x
FYLKIR_dane;Fylkir;;;;;;;;;;;;;x
FYLKIR_norse_gael;Fylkir;;;;;;;;;;;;;x
FYLKIR_proto_norse;Fulkar;;;;;;;;;;;;;x
FYLKJA;Fylkja;;;;;;;;;;;;;x
FYLKJA_dane;Fylkja;;;;;;;;;;;;;x
FYLKJA_norse_gael;Fylkja;;;;;;;;;;;;;x
FYLKJA_proto_norse;Fulka;;;;;;;;;;;;;x
FYLKIR_FOA;Leader of the Race of Men;;;;;;;;;;;;;x
IMPERATOR;Imperator;;;;;;;;;;;;;x
IMPERATRIX;Imperatrix;;;;;;;;;;;;;x
REGINA_CONSULARIS;Regina Consularis;;;;;;;;;;;;;x
WARCHIEF;Warchief;;;;;;;;;;;;;x
WARCHIEF_FOA;Master;;;;;;;;;;;;;x
COMMANDER;Commander;;;;;;;;;;;;;x
temple_emperor_christian;Primate;;;;;;;;;;;;;x
temple_emperor_catholic;Primate;;;;;;;;;;;;;x
temple_king_christian;Patriarch;;;;;;;;;;;;;x
temple_king_catholic;Patriarch;;;;;;;;;;;;;x
temple_duke_christian;Archbishop;;;;;;;;;;;;;x
temple_duke_catholic;Archbishop;;;;;;;;;;;;;x
temple_duke_paganism;Archpriest;;;;;;;;;;;;;x
temple_duke_roman_pagan;Pontifex;;;;;;;;;;;;;x
temple_duke_roman_pagan_reformed;Pontifex;;;;;;;;;;;;;x
temple_duke_sol_invictus;Pontifex;;;;;;;;;;;;;x
temple_duke_titan_pagan;Pontifex;;;;;;;;;;;;;x
temple_duke_promethean_pagan;Pontifex;;;;;;;;;;;;;x
temple_duke_norse_group;Gothar;;;;;;;;;;;;;x
temple_count_christian;Bishop;;;;;;;;;;;;;x
temple_count_catholic;Bishop;;;;;;;;;;;;;x
temple_count_paganism;High Priest;;;;;;;;;;;;;x
temple_count_roman_pagan;High Priest;;;;;;;;;;;;;x
temple_count_roman_pagan_reformed;High Priest;;;;;;;;;;;;;x
temple_count_sol_invictus;High Priest;;;;;;;;;;;;;x
temple_count_titan_pagan;High Priest;;;;;;;;;;;;;x
temple_count_promethean_pagan;High Priest;;;;;;;;;;;;;x
temple_count_norse_group;Gothar;;;;;;;;;;;;;x
temple_baron_christian;Bishop;;;;;;;;;;;;;x
temple_baron_catholic;Bishop;;;;;;;;;;;;;x
temple_baron_paganism;High Priest;;;;;;;;;;;;;x
temple_baron_roman_pagan;Augur;;;;;;;;;;;;;x
temple_baron_roman_pagan_reformed;Augur;;;;;;;;;;;;;x
temple_baron_sol_invictus;Augur;;;;;;;;;;;;;x
temple_baron_cult_apollo;Augur;;;;;;;;;;;;;x
temple_baron_cult_ares;Augur Martialis;;;;;;;;;;;;;x
temple_baron_cult_epona;Sacerdos;;;;;;;;;;;;;x
temple_baron_briton_pagan;Druid;;;;;;;;;;;;;x
temple_baron_briton_pagan_reformed;Druid;;;;;;;;;;;;;x
temple_baron_gael_pagan;Druid;;;;;;;;;;;;;x
temple_baron_gael_pagan_reformed;Druid;;;;;;;;;;;;;x
temple_baron_pict_pagan;Druid;;;;;;;;;;;;;x
temple_baron_pict_pagan_reformed;Druid;;;;;;;;;;;;;x
temple_baron_germanic_pagan_reformed;Priest;;;;;;;;;;;;;x
temple_baron_germanic_pagan_anglosaxon;Preost;;;;;;;;;;;;;x
temple_baron_germanic_pagan_angle;Preost;;;;;;;;;;;;;x
temple_baron_germanic_pagan_oldsaxon;Preost;;;;;;;;;;;;;x
temple_baron_germanic_pagan_saxon;Preost;;;;;;;;;;;;;x
temple_baron_germanic_pagan_jute;Preost;;;;;;;;;;;;;x
temple_baron_germanic_pagan_oldfrisian;Preost;;;;;;;;;;;;;x
temple_baron_germanic_pagan_frisian;Preost;;;;;;;;;;;;;x
temple_baron_germanic_pagan_reformed_anglosaxon;Preost;;;;;;;;;;;;;x
temple_baron_germanic_pagan_reformed_angle;Preost;;;;;;;;;;;;;x
temple_baron_germanic_pagan_reformed_oldsaxon;Preost;;;;;;;;;;;;;x
temple_baron_germanic_pagan_reformed_saxon;Preost;;;;;;;;;;;;;x
temple_baron_germanic_pagan_reformed_jute;Preost;;;;;;;;;;;;;x
temple_baron_germanic_pagan_reformed_oldfrisian;Preost;;;;;;;;;;;;;x
temple_baron_germanic_pagan_reformed_frisian;Preost;;;;;;;;;;;;;x
temple_baron_germanic_pagan;Priest;;;;;;;;;;;;;x
temple_baron_frankish_pagan;Priest;;;;;;;;;;;;;x
temple_baron_suebic_pagan;Priest;;;;;;;;;;;;;x
temple_baron_gothic_pagan;Priest;;;;;;;;;;;;;x
temple_baron_alan_pagan;Enarei;;;;;;;;;;;;;x
temple_baron_alan_pagan_reformed;Enarei;;;;;;;;;;;;;x
temple_baron_norse_pagan;Goði;;;;;;;;;;;;;x
temple_baron_norse_pagan_female;Gyðja;;;;;;;;;;;;;x
temple_baron_norse_pagan_reformed;Goði;;;;;;;;;;;;;x
temple_baron_norse_pagan_female_reformed;Gyðja;;;;;;;;;;;;;x
temple_baron_vasconic_pagan;Zai;;;;;;;;;;;x
temple_baron_vasconic_pagan_reformed;Zai;;;;;;;;;;;x
temple_baron_manichean;Presbyter;;;;;;;;;;;;;x
temple_empire_of_christian;Holy Empire of;;;;;;;;;;;;;x
temple_empire_of_catholic;Holy Empire of;;;;;;;;;;;;;x
temple_kingdom_of_paganism;Theocracy of;;;;;;;;;;;;;x
temple_kingdom_of_roman_pagan;Pontificium of;;;;;;;;;;;;;x
temple_kingdom_of_roman_pagan_reformed;Pontificium of;;;;;;;;;;;;;x
temple_kingdom_of_sol_invictus;Pontificium of;;;;;;;;;;;;;x
temple_kingdom_of_titan_pagan;Pontificium of;;;;;;;;;;;;;x
temple_kingdom_of_promethean_pagan;Pontificium of;;;;;;;;;;;;;x
temple_kingdom_of_norse_group;Theocracy of;;;;;;;;;;;;;x
temple_kingdom_of_christian;Patriarchate of;;;;;;;;;;;;;x
temple_kingdom_of_catholic;Patriarchate of;;;;;;;;;;;;;x
temple_duchy_of_christian;Archbishopric of;;;;;;;;;;;;;x
temple_duchy_of_paganism;Theocracy of;;;;;;;;;;;;;x
temple_duchy_of_roman_pagan;Pontificium of;;;;;;;;;;;;;x
temple_duchy_of_roman_pagan_reformed;Pontificium of;;;;;;;;;;;;;x
temple_duchy_of_sol_invictus;Pontificium of;;;;;;;;;;;;;x
temple_duchy_of_titan_pagan;Pontificium of;;;;;;;;;;;;;x
temple_duchy_of_promethean_pagan;Pontificium of;;;;;;;;;;;;;x
temple_duchy_of_norse_group;Gothardom of;;;;;;;;;;;;;x
temple_county_of_christian;Bishopric of;;;;;;;;;;;;;x
temple_county_of_paganism;Sacred Land of;;;;;;;;;;;;;x
temple_county_of_norse_group;Gothardom of;;;;;;;;;;;;;x
temple_county_of_roman_pagan;Cæsareum of;;;;;;;;;;;;;x
temple_county_of_roman_pagan_reformed;Cæsareum of;;;;;;;;;;;;;x
temple_county_of_sol_invictus;Cæsareum of;;;;;;;;;;;;;x
temple_county_of_titan_pagan;Cæsareum of;;;;;;;;;;;;;x
temple_county_of_promethean_pagan;Cæsareum of;;;;;;;;;;;;;x
temple_barony_of_christian;Church of;;;;;;;;;;;;;x
temple_barony_of_paganism;Temple of;;;;;;;;;;;;;x
temple_barony_of_zoroastrian_group;Shrine of;;;;;;;;;;;;;x
temple_barony_of_cult_apollo;Sacrarium of;;;;;;;;;;;;;x
temple_barony_of_cult_ares;Sacrarium of;;;;;;;;;;;;;x
temple_barony_of_cult_manawydan;Sea Temple of;;;;;;;;;;;;;x
temple_barony_of_norse_group;Temple of;;;;;;;;;;;;;x
temple_barony_of_roman_pagan;Shrine of;;;;;;;;;;;;;x
temple_barony_of_roman_pagan_reformed;Shrine of;;;;;;;;;;;;;x
temple_barony_of_sol_invictus;Shrine of;;;;;;;;;;;;;x
temple_barony_of_titan_pagan;Shrine of;;;;;;;;;;;;;x
temple_barony_of_promethean_pagan;Shrine of;;;;;;;;;;;;;x
ABBEY_OF;Abbey of;;;;;;;;;;;;;x
COUNTY;Local;;;;;;;;;;;;;x
DUCAL;Provincial;;;;;;;;;;;;;x
ROYAL;Royal;;;;;;;;;;;;;x
IMPERIAL;Sovereign;;;;;;;;;;;;;x
emperor_king_christian;Holy High King;;;;;;;;;;;;;x
emperor_foa;Your Majesty;;;;;;;;;;;;;x
king_foa;Your Majesty;;;;;;;;;;;;;x
duke_foa;Your Grace;;;;;;;;;;;;;x
count_foa;My Lord;;;;;;;;;;;;;x
baron_foa;My Lord;;;;;;;;;;;;;x
legatus_foa;My Lord Commander;;;;;;;;;;;;;x
count_foa_female;My Lady;;;;;;;;;;;;;x
baron_foa_female;My Lady;;;;;;;;;;;;;x
city_emperor_foa;Your Highness;;;;;;;;;;;;;x
city_king_foa;Your Majesty;;;;;;;;;;;;;x
city_duke_foa;Your Grace;;;;;;;;;;;;;x
city_count_foa;Your Honor;;;;;;;;;;;;;x
city_baron_foa;Your Honor;;;;;;;;;;;;;x
temple_king_foa;Your Holiness;;;;;;;;;;;;;x
temple_duke_foa;Your Eminence;;;;;;;;;;;;;x
temple_count_foa;Your Excellency;;;;;;;;;;;;;x
temple_baron_foa;Your Excellency;;;;;;;;;;;;;x
temple_baron_paganism_foa;My Lord;;;;;;;;;;;;;x
temple_baron_norse_group_foa;My Lord;;;;;;;;;;;;;x
temple_baron_roman_pagan_foa;My Lord;;;;;;;;;;;;;x
temple_baron_roman_pagan_reformed_foa;My Lord;;;;;;;;;;;;;x
temple_baron_sol_invictus_foa;My Lord;;;;;;;;;;;;;x
temple_baron_titan_pagan_foa;My Lord;;;;;;;;;;;;;x
temple_baron_promethean_pagan_foa;My Lord;;;;;;;;;;;;;x
BEGIEMEND;Begíemend;;;;;;;;;;;;;x
BEGIEMEND_FOA;Your Holiness;;;;;;;;;;;;;;x
COUNTY_CAPITAL_OF;$NAME$ - Capital;;;;;;;;;;;;;x
DE_JURE_DUCHY_DESC;The §Y$PROVINCE$§W is traditionally considered a part of the §Y$DUCHY$§W.\n;;;;;;;;;;;;;x
DE_JURE_DUCHY_DESC_NO_HOLDER;Currently, this high lordship is held by no one.;;;;;;;;;;;;;x
DE_JURE_DUCHY_DESC_HOLDER_1;§Y$DUKE$§W is the current high lord, and also de facto controller of §Y$PROVINCE$§W.;;;;;;;;;;;;;x
DE_JURE_DUCHY_DESC_HOLDER_2;§Y$DUKE$§W is the current high lord, who will strive to regain actual control of §Y$PROVINCE$§W.;;;;;;;;;;;;;x
DE_JURE_KINGDOM_DESC;The §Y$PROVINCE$§W is traditionally considered a part of the §Y$KINGDOM$§W.\n;;;;;;;;;;;;;x
DE_JURE_KINGDOM_DESC_NO_HOLDER;There is no current king.;;;;;;;;;;;;;x
DE_JURE_KINGDOM_DESC_HOLDER_1;§Y$KING$§W is the current king, and also de facto controller of §Y$PROVINCE$§W.;;;;;;;;;;;;;x
DE_JURE_KINGDOM_DESC_HOLDER_2;§Y$KING$§W is the current king, and, while not in de facto control of §Y$PROVINCE$§W, still has the authority to pass Royal Laws that affect it.;;;;;;;;;;;;;x
CURRENT_CAPITAL_DRO;This province is your capital, where you and your court resides. When you send your spymaster to study technology, discoveries will be made here. Capitals are worth more during war.;;;;;;;;;;;;;x
job_chancellor;Chancellor;;;;;;;;;;;;;x
job_chancellor_pictish;Castellan;;;;;;;;;;;;;x
job_chancellor_gaelic;Castellan;;;;;;;;;;;;;x
job_chancellor_dane;Castellan;;;;;;;;;;;;;x
job_chancellor_norse_gael;Castellan;;;;;;;;;;;;;x
job_chancellor_proto_norse;Castellan;;;;;;;;;;;;;x
job_chancellor_armorican;Master of Laws;;;;;;;;;;;;;x
job_chancellor_breton;Master of Laws;;;;;;;;;;;;;x
job_chancellor_imperiale;Vicarius;;;;;;;;;;;;;x
job_chancellor_oldfrankish;Aiwasegge;;;;;;;;;;;;;x
job_chancellor_french;Chancellier;;;;;;;;;;;;;x
job_chancellor_occitan;Chancellier;;;;;;;;;;;;;x
job_chancellor_arpitan;Chancellier;;;;;;;;;;;;;x
job_chancellor_franconian;Éwasago;;;;;;;;;;;;;x
job_chancellor_dutch;Éwasegge;;;;;;;;;;;;;x
job_chancellor_frankish;Éwasegge;;;;;;;;;;;;;x
job_chancellor_oldfrisian;Folcwine;;;;;;;;;;;;;x
job_chancellor_frisian;Ásega;;;;;;;;;;;;;x
job_chancellor_anglosaxon;Folcwine;;;;;;;;;;;;;x
job_chancellor_angle;Folcwine;;;;;;;;;;;;;x
job_chancellor_oldsaxon;Folcwine;;;;;;;;;;;;;x
job_chancellor_saxon;Éosago;;;;;;;;;;;;;x
job_chancellor_jute;Folcwine;;;;;;;;;;;;;x
tribal_job_chancellor_pictish;Castellan;;;;;;;;;;;;;x
tribal_job_chancellor_gaelic;Castellan;;;;;;;;;;;;;x
tribal_job_chancellor_dane;Castellan;;;;;;;;;;;;;x
tribal_job_chancellor_norse_gael;Castellan;;;;;;;;;;;;;x
tribal_job_chancellor_proto_norse;Castellan;;;;;;;;;;;;;x
tribal_job_chancellor_armorican;Master of Laws;;;;;;;;;;;;;x
tribal_job_chancellor_breton;Master of Laws;;;;;;;;;;;;;x
tribal_job_chancellor_imperiale;Vicarius;;;;;;;;;;;;;x
tribal_job_chancellor_oldfrankish;Aiwasegge;;;;;;;;;;;;;x
tribal_job_chancellor_french;Chancellier;;;;;;;;;;;;;x
tribal_job_chancellor_occitan;Chancellier;;;;;;;;;;;;;x
tribal_job_chancellor_arpitan;Chancellier;;;;;;;;;;;;;x
tribal_job_chancellor_franconian;Éwasago;;;;;;;;;;;;;x
tribal_job_chancellor_dutch;Éwasegge;;;;;;;;;;;;;x
tribal_job_chancellor_frankish;Éwasegge;;;;;;;;;;;;;x
tribal_job_chancellor_oldfrisian;Folcwine;;;;;;;;;;;;;x
tribal_job_chancellor_frisian;Ásega;;;;;;;;;;;;;x
tribal_job_chancellor_anglosaxon;Folcwine;;;;;;;;;;;;;x
tribal_job_chancellor_angle;Folcwine;;;;;;;;;;;;;x
tribal_job_chancellor_oldsaxon;Folcwine;;;;;;;;;;;;;x
tribal_job_chancellor_saxon;Éosago;;;;;;;;;;;;;x
tribal_job_chancellor_jute;Folcwine;;;;;;;;;;;;;x
job_marshal;Marshal;;;;;;;;;;;;;x
job_marshal_imperiale;Magister Militum;;;;;;;;;;;;;x
job_marshal_oldfrankish;Marhskalk;;;;;;;;;;;;;x
job_marshal_french;Marescal;;;;;;;;;;;;;x
job_marshal_occitan;Marescal;;;;;;;;;;;;;x
job_marshal_arpitan;Marescal;;;;;;;;;;;;;x
job_marshal_franconian;Marhskalk;;;;;;;;;;;;;x
job_marshal_dutch;Marskalk;;;;;;;;;;;;;x
job_marshal_frankish;Marhskalk;;;;;;;;;;;;;x
job_marshal_dane;Dróttinn;;;;;;;;;;;;;x
job_marshal_norse_gael;Dróttinn;;;;;;;;;;;;;x
job_marshal_proto_norse;Druhtinar;;;;;;;;;;;;;x
job_marshal_gaelic;Warlord;;;;;;;;;;;;;x
job_marshal_pictish;Warlord;;;;;;;;;;;;;x
job_marshal_anglosaxon;Dryhten;;;;;;;;;;;;;x
job_marshal_angle;Dryhten;;;;;;;;;;;;;x
job_marshal_oldsaxon;Dryhten;;;;;;;;;;;;;x
job_marshal_saxon;Drohtin;;;;;;;;;;;;;x
job_marshal_jute;Dryhten;;;;;;;;;;;;;x
job_marshal_oldfrisian;Dryhten;;;;;;;;;;;;;x
job_marshal_frisian;Drochten;;;;;;;;;;;;;x
tribal_job_marshal_imperiale;Magister Militum;;;;;;;;;;;;;x
tribal_job_marshal_oldfrankish;Marhskalk;;;;;;;;;;;;;x
tribal_job_marshal_french;Marescal;;;;;;;;;;;;;x
tribal_job_marshal_occitan;Marescal;;;;;;;;;;;;;x
tribal_job_marshal_arpitan;Marescal;;;;;;;;;;;;;x
tribal_job_marshal_franconian;Marhskalk;;;;;;;;;;;;;x
tribal_job_marshal_dutch;Marskalk;;;;;;;;;;;;;x
tribal_job_marshal_frankish;Marhskalk;;;;;;;;;;;;;x
tribal_job_marshal_dane;Dróttinn;;;;;;;;;;;;;x
tribal_job_marshal_norse_gael;Dróttinn;;;;;;;;;;;;;x
tribal_job_marshal_proto_norse;Druhtinar;;;;;;;;;;;;;x
tribal_job_marshal_gaelic;Warlord;;;;;;;;;;;;;x
tribal_job_marshal_pictish;Warlord;;;;;;;;;;;;;x
tribal_job_marshal_anglosaxon;Dryhten;;;;;;;;;;;;;x
tribal_job_marshal_angle;Dryhten;;;;;;;;;;;;;x
tribal_job_marshal_oldsaxon;Dryhten;;;;;;;;;;;;;x
tribal_job_marshal_saxon;Drohtin;;;;;;;;;;;;;x
tribal_job_marshal_jute;Dryhten;;;;;;;;;;;;;x
tribal_job_marshal_oldfrisian;Dryhten;;;;;;;;;;;;;x
tribal_job_marshal_frisian;Drochten;;;;;;;;;;;;;x
job_treasurer;Steward;;;;;;;;;;;;;x
job_treasurer_briton;Treasurer;;;;;;;;;;;;;x
job_treasurer_imperiale;Rationalis;;;;;;;;;;;;;x
job_treasurer_armorican;Master of Coin;;;;;;;;;;;;;x
job_treasurer_breton;Master of Coin;;;;;;;;;;;;;x
job_treasurer_pictish;Treasurer;;;;;;;;;;;;;x
job_treasurer_gaelic;Treasurer;;;;;;;;;;;;;x
job_treasurer_oldfrankish;Siniskalk;;;;;;;;;;;;;x
job_treasurer_french;Senescal;;;;;;;;;;;;;x
job_treasurer_occitan;Senescal;;;;;;;;;;;;;x
job_treasurer_arpitan;Senescal;;;;;;;;;;;;;x
job_treasurer_franconian;Seneskalk;;;;;;;;;;;;;x
job_treasurer_dutch;Siniskalk;;;;;;;;;;;;;x
job_treasurer_frankish;Siniskalk;;;;;;;;;;;;;x
job_treasurer_oldfrisian;Éadweard;;;;;;;;;;;;;x
job_treasurer_frisian;Édwerd;;;;;;;;;;;;;x
job_treasurer_dane;Auðavörðr;;;;;;;;;;;;;x
job_treasurer_norse_gael;Auðavörðr;;;;;;;;;;;;;x
job_treasurer_proto_norse;Auþawarður;;;;;;;;;;;;;x
job_treasurer_anglosaxon;Éadweard;;;;;;;;;;;;;x
job_treasurer_angle;Éadweard;;;;;;;;;;;;;x
job_treasurer_oldsaxon;Éadweard;;;;;;;;;;;;;x
job_treasurer_saxon;Ódwarda;;;;;;;;;;;;;x
job_treasurer_jute;Eadweard;;;;;;;;;;;;;x
tribal_job_treasurer_briton;Treasurer;;;;;;;;;;;;;x
tribal_job_treasurer_imperiale;Rationalis;;;;;;;;;;;;;x
tribal_job_treasurer_armorican;Master of Coin;;;;;;;;;;;;;x
tribal_job_treasurer_breton;Master of Coin;;;;;;;;;;;;;x
tribal_job_treasurer_pictish;Treasurer;;;;;;;;;;;;;x
tribal_job_treasurer_gaelic;Treasurer;;;;;;;;;;;;;x
tribal_job_treasurer_oldfrankish;Siniskalk;;;;;;;;;;;;;x
tribal_job_treasurer_french;Senescal;;;;;;;;;;;;;x
tribal_job_treasurer_occitan;Senescal;;;;;;;;;;;;;x
tribal_job_treasurer_arpitan;Senescal;;;;;;;;;;;;;x
tribal_job_treasurer_franconian;Seneskalk;;;;;;;;;;;;;x
tribal_job_treasurer_dutch;Siniskalk;;;;;;;;;;;;;x
tribal_job_treasurer_frankish;Siniskalk;;;;;;;;;;;;;x
tribal_job_treasurer_oldfrisian;Éadweard;;;;;;;;;;;;;x
tribal_job_treasurer_frisian;Édwerd;;;;;;;;;;;;;x
tribal_job_treasurer_dane;Auðavörðr;;;;;;;;;;;;;x
tribal_job_treasurer_norse_gael;Auðavörðr;;;;;;;;;;;;;x
tribal_job_treasurer_proto_norse;Auþawarður;;;;;;;;;;;;;x
tribal_job_treasurer_anglosaxon;Éadweard;;;;;;;;;;;;;x
tribal_job_treasurer_angle;Éadweard;;;;;;;;;;;;;x
tribal_job_treasurer_oldsaxon;Ódwarda;;;;;;;;;;;;;x
tribal_job_treasurer_saxon;Éadweard;;;;;;;;;;;;;x
tribal_job_treasurer_jute;Éadweard;;;;;;;;;;;;;x
job_spymaster;Spymaster;;;;;;;;;;;;;x
job_spymaster_armorican;Master of Whisperers;;;;;;;;;;;;;x
job_spymaster_breton;Master of Whisperers;;;;;;;;;;;;;x
job_spymaster_dane;Aðalsrád;;;;;;;;;;;;;x
job_spymaster_norse_gael;Aðalsrád;;;;;;;;;;;;;x
job_spymaster_proto_norse;Aþalarédar;;;;;;;;;;;;;x
job_spymaster_imperiale;Speculator;;;;;;;;;;;;;x
job_spymaster_anglosaxon;Æþelræd;;;;;;;;;;;;;x
job_spymaster_angle;Eþelréd;;;;;;;;;;;;;x
job_spymaster_oldsaxon;Aþelrád;;;;;;;;;;;;;x
job_spymaster_saxon;Aþalrád;;;;;;;;;;;;;x
job_spymaster_jute;Eþelréd;;;;;;;;;;;;;x
job_spymaster_oldfrisian;Eþelréd;;;;;;;;;;;;;x
job_spymaster_frisian;Eþelréd;;;;;;;;;;;;;x
tribal_job_spymaster_armorican;Master of Whisperers;;;;;;;;;;;;;x
tribal_job_spymaster_breton;Master of Whisperers;;;;;;;;;;;;;x
tribal_job_spymaster_dane;Aðalsrád;;;;;;;;;;;;;x
tribal_job_spymaster_norse_gael;Aðalsrád;;;;;;;;;;;;;x
tribal_job_spymaster_proto_norse;Aþalarédar;;;;;;;;;;;;;x
tribal_job_spymaster_imperiale;Speculator;;;;;;;;;;;;;x
tribal_job_spymaster_anglosaxon;Æþelræd;;;;;;;;;;;;;x
tribal_job_spymaster_angle;Eþelréd;;;;;;;;;;;;;x
tribal_job_spymaster_oldsaxon;Aþelrád;;;;;;;;;;;;;x
tribal_job_spymaster_saxon;Aþalrád;;;;;;;;;;;;;x
tribal_job_spymaster_jute;Eþelréd;;;;;;;;;;;;;x
tribal_job_spymaster_oldfrisian;Eþelréd;;;;;;;;;;;;;x
tribal_job_spymaster_frisian;Eþelréd;;;;;;;;;;;;;x
job_spiritual;Theologist;;;;;;;;;;;;;x
job_spiritual_christian;Theologist;;;;;;;;;;;;;x
job_spiritual_pagan_group;Seer;;;;;;;;;;;;;x
job_spiritual_gael_pagan;High Priest;;;;;;;;;;;;;x
job_spiritual_gael_pagan_reformed;High Priest;;;;;;;;;;;;;x
job_spiritual_roman_pagan;Curio Maximus;;;;;;;;;;;;;x
job_spiritual_roman_pagan_reformed;Curio Maximus;;;;;;;;;;;;;x
job_spiritual_sol_invictus;Curio Maximus;;;;;;;;;;;;;x
job_spiritual_titan_pagan;Curio Maximus;;;;;;;;;;;;;x
job_spiritual_promethean_pagan;Curio Maximus;;;;;;;;;;;;;x
job_spiritual_anglosaxon;Godwine;;;;;;;;;;;;;x
job_spiritual_angle;Godwine;;;;;;;;;;;;;x
job_spiritual_oldsaxon;Godwine;;;;;;;;;;;;;x
job_spiritual_saxon;Godwini;;;;;;;;;;;;;x
job_spiritual_jute;Godwine;;;;;;;;;;;;;x
job_spiritual_oldfrisian;Godwine;;;;;;;;;;;;;x
job_spiritual_frisian;Godwine;;;;;;;;;;;;;x
job_spiritual_norse_group;Chief Diviner;;;;;;;;;;;;;x
job_spiritual_germanic_pagan;Chief Diviner;;;;;;;;;;;;;x
job_spiritual_germanic_pagan_reformed;Chief Diviner;;;;;;;;;;;;;x
job_spiritual_frankish_pagan;Chief Diviner;;;;;;;;;;;;;x
job_spiritual_frankish_pagan_reformed;Chief Diviner;;;;;;;;;;;;;x
job_spiritual_suebic_pagan;Chief Diviner;;;;;;;;;;;;;x
job_spiritual_suebic_pagan_reformed;Chief Diviner;;;;;;;;;;;;;x
job_spiritual_gothic_pagan;Chief Diviner;;;;;;;;;;;;;x
job_spiritual_gothic_pagan_reformed;Chief Diviner;;;;;;;;;;;;;x
job_spiritual_dane;High Præst;;;;;;;;;;;;;x
job_spiritual_norse_gael;High Præst;;;;;;;;;;;;;x
job_spiritual_proto_norse;High Præst;;;;;;;;;;;;;x
tribal_job_spiritual_christian;Theologist;;;;;;;;;;;;;x
tribal_job_spiritual_pagan_group;Seer;;;;;;;;;;;;;x
tribal_job_spiritual_gael_pagan;High Priest;;;;;;;;;;;;;x
tribal_job_spiritual_gael_pagan_reformed;High Priest;;;;;;;;;;;;;x
tribal_job_spiritual_roman_pagan;Curio Maximus;;;;;;;;;;;;;x
tribal_job_spiritual_roman_pagan_reformed;Curio Maximus;;;;;;;;;;;;;x
tribal_job_spiritual_sol_invictus;Curio Maximus;;;;;;;;;;;;;x
tribal_job_spiritual_titan_pagan;Curio Maximus;;;;;;;;;;;;;x
tribal_job_spiritual_promethean_pagan;Curio Maximus;;;;;;;;;;;;;x
tribal_job_spiritual_anglosaxon;Godwine;;;;;;;;;;;;;x
tribal_job_spiritual_angle;Godwine;;;;;;;;;;;;;x
tribal_job_spiritual_oldsaxon;Godwine;;;;;;;;;;;;;x
tribal_job_spiritual_saxon;Godwine;;;;;;;;;;;;;x
tribal_job_spiritual_jute;Godwine;;;;;;;;;;;;;x
tribal_job_spiritual_oldfrisian;Godwine;;;;;;;;;;;;;x
tribal_job_spiritual_frisian;Godwine;;;;;;;;;;;;;x
tribal_job_spiritual_norse_group;Chief Diviner;;;;;;;;;;;;;x
tribal_job_spiritual_germanic_pagan;Chief Diviner;;;;;;;;;;;;;x
tribal_job_spiritual_germanic_pagan_reformed;Chief Diviner;;;;;;;;;;;;;x
tribal_job_spiritual_frankish_pagan;Chief Diviner;;;;;;;;;;;;;x
tribal_job_spiritual_frankish_pagan_reformed;Chief Diviner;;;;;;;;;;;;;x
tribal_job_spiritual_suebic_pagan;Chief Diviner;;;;;;;;;;;;;x
tribal_job_spiritual_suebic_pagan_reformed;Chief Diviner;;;;;;;;;;;;;x
tribal_job_spiritual_gothic_pagan;Chief Diviner;;;;;;;;;;;;;x
tribal_job_spiritual_gothic_pagan_reformed;Chief Diviner;;;;;;;;;;;;;x
tribal_job_spiritual_dane;Guðvinr;;;;;;;;;;;;;x
tribal_job_spiritual_norse_gael;Guðvinr;;;;;;;;;;;;;x
tribal_job_spiritual_proto_norse;Godawinir;;;;;;;;;;;;;x
desc_job_chancellor;The §Y$JOB$§! is your personal advisor on matters of diplomacy. The position is traditionally considered the highest on the council.;;;;;;;;;;;;;x
desc_job_spiritual;The §Y$JOB$§! is your personal advisor on matters of faith, religion and divine influence.;;;;;;;;;;;;;x
desc_job_treasurer;The §Y$JOB$§! helps you collect taxes and administer your demesne.;;;;;;;;;;;;;x
desc_job_marshal;The §Y$JOB$§! is the councillor in charge of the military. When the ruler cannot or will not command his armies, the §Y$JOB$§! will take his place.;;;;;;;;;;;;;x
desc_job_spymaster;§Y$JOB$§! is an unoffical position on the council. The office holder is responsible for all matters of intrigue and skullduggery.;;;;;;;;;;;;;x
emperor_title_queen_mother_female;Queen Mother;;;;;;;;;;;;;x
emperor_title_queen_mother_female_imperiale;Regina Mater;;;;;;;;;;;;;x
title_regent;Regent;;;;;;;;;;;;;x
title_regent_cumbrian;Rhaglaw;;;;;;;;;;;;;x
title_regent_gaelic;Rhaglaw;;;;;;;;;;;;;x
title_regent_roman;Legatus;;;;;;;;;;;;;x
title_queen_mother;Queen Mother;;;;;;;;;;;;;x
title_prince;Prince;;;;;;;;;;;;;x
title_prince_anglosaxon;Æþeling;;;;;;;;;;;;;x
title_prince_angle;Eþeling;;;;;;;;;;;;;x
title_prince_oldsaxon;Aþeling;;;;;;;;;;;;;x
title_prince_saxon;Aþaling;;;;;;;;;;;;;x
title_prince_jute;Eþeling;;;;;;;;;;;;;x
title_prince_frisian;Eþeling;;;;;;;;;;;;;x
title_prince_oldfrisian;Eþeling;;;;;;;;;;;;;x
title_prince_dane;Aðaling;;;;;;;;;;;;;x
title_prince_norse_gael;Aðaling;;;;;;;;;;;;;x
title_prince_proto_norse;Aþaling;;;;;;;;;;;;;x
title_prince_oldfrankish;Aþaling;;;;;;;;;;;;;x
title_prince_french;Prince;;;;;;;;;;;;;x
title_prince_occitan;Prince;;;;;;;;;;;;;x
title_prince_arpitan;Prince;;;;;;;;;;;;;x
title_prince_franconian;Adaling;;;;;;;;;;;;;x
title_prince_dutch;Aþaling;;;;;;;;;;;;;x
title_prince_frankish;Aþaling;;;;;;;;;;;;;x
title_prince_imperiale;Princeps;;;;;;;;;;;;;x
title_prince_roman;Princeps;;;;;;;;;;;;;x
title_prince_female;Princess;;;;;;;;;;;;;x
title_prince_female_imperiale;Princeps;;;;;;;;;;;;;x
title_prince_female_roman;Princeps;;;;;;;;;;;;;x
title_tanist;Tanist;;;;;;;;;;;;;x
#title_tanist_anglosaxon;Ætheling;;;;;;;;;;;;;x
#title_tanist_dane;Åtheling;;;;;;;;;;;;;x
#title_tanist_roman;Procer;;;;;;;;;;;;;x
#title_tanist_romanogallic;Procer;;;;;;;;;;;;;x
title_court_jester;Court Jester;;;;;;;;;;;;;x
title_court_jester_desc;The court Jester is kept around provide general entertainment to the court. Also know as a fool it is generally not considered to be the most prestigious office at court.;;;;;;;;;;;;;x
title_dominus_convivii;Dominus Convivii;;;;;;;;;;;;;x
title_dominus_convivii_desc;The post of Dominus Convivii is held by the master cook of the court, responsible for the court kitchens and food supplies. It carries a certain amount of prestige.;;;;;;;;;;;;;x
title_master_of_the_horse;Master of the Horse;;;;;;;;;;;;;x
title_master_of_the_horse_imperiale;Magister Equitum;;;;;;;;;;;;;x
title_master_of_the_horse_desc;This office dates all the way back the Roman Republic, and in a era where a horse is a symbol of power, still very important. Although the Master of the Horse delegates the actual day to day running of the actual stables, much of the prestige of this office comes from the responsibility for the stud.;;;;;;;;;;;;;x
title_master_of_the_hunt;Master of the Hunt;;;;;;;;;;;;;x
title_master_of_the_hunt_desc;In an era when hunting was an opportunity to demonstrate horsemanship and martial prowess the hunt was serious business. The Master of the Hunt was a position of importance.;;;;;;;;;;;;;x
title_master_of_the_hounds;Master of the Hounds;;;;;;;;;;;;;x
title_master_of_the_hounds_desc;Being hunting the main peacetime activity of the wealthy warrior class, the hounds employed for the hunts are important.;;;;;;;;;;;;;x
title_grand_butler;Grand Butler;;;;;;;;;;;;;x
title_grand_butler_desc;Although most of the household duties were passed over to servants, the butler had the right to pour the liege's wine when at his table. With the ability to grab the liege's ear at the same time, the butler was an important man.;;;;;;;;;;;;;x
title_high_almoner;High Almoner;;;;;;;;;;;;;x
title_high_almoner_desc;The handing out of alms was integral part of rulership and religious observance. The one responsible for this task is a very important personage.;;;;;;;;;;;;;x
title_cupbearer;Cupbearer;;;;;;;;;;;;;x
title_cupbearer_dane;Mundskænk;;;;;;;;;;;;;x
title_cupbearer_norse_gael;Mundskænk;;;;;;;;;;;;;x
title_cupbearer_proto_norse;Mundskænk;;;;;;;;;;;;;x
title_cupbearer_desc;Poison is always a danger, so being entrusted with serving drinks is a great honor.;;;;;;;;;;;;;x
title_seneschal;Palatinus;;;;;;;;;;;;;x
title_seneschal_desc;A Palatinus was a high-level official attached to imperial or royal courts in northern Europe since Roman times. His duties as a representative of the sovereign's household included ritual proceedings such as oath takings, and the written records of those developments.;;;;;;;;;;;;;x
title_food_taster;Food Taster;;;;;;;;;;;;;x
title_food_taster_desc;Food tasters have the dubious pleasure of trying all dishes before their master has a bite...;;;;;;;;;;;;;x
title_court_calligrapher;Court Calligrapher;;;;;;;;;;;;;x
title_court_calligrapher_desc;Skilled calligraphers are highly respected and very useful in diplomatic matters.;;;;;;;;;;;;;x
#title_court_musician;Court Bard;;;;;;;;;;;;;x
title_court_bard_anglosaxon;Court Skald;;;;;;;;;;;;;x
title_court_bard_angle;Court Skald;;;;;;;;;;;;;x
title_court_bard_oldsaxon;Court Skald;;;;;;;;;;;;;x
title_court_bard_saxon;Court Skald;;;;;;;;;;;;;x
title_court_bard_jute;Court Skald;;;;;;;;;;;;;x
title_court_bard_oldfrisian;Court Skald;;;;;;;;;;;;;x
title_court_bard_frisian;Court Skald;;;;;;;;;;;;;x
#title_court_musician_desc;The Court Bard is always ready to entertain with soothing or stirring music, and to tell tales of famous characters and their deeds.;;;;;;;;;;;;;x
title_court_poet;Court Poet;;;;;;;;;;;;;x
title_court_poet_desc;Poets enjoy a great deal of respect and prestige.;;;;;;;;;;;;;x
title_chief_architect;Chief Architect;;;;;;;;;;;;;x
title_chief_architect_desc;The Chief Architect is responsible for designing and overseeing the construction of castles, bridges, palaces and other structures.;;;;;;;;;;;;;x
title_court_dwarf;Court Dwarf;;;;;;;;;;;;;x
title_court_dwarf_desc;Dwarves are objects of fascination and curiosity. Having one at court is a matter of prestige.;;;;;;;;;;;;;x
title_senator;Senator;;;;;;;;;;;;;x
title_senator_desc;Grant this character a seat in the restored Imperial Senate.;;;;;;;;;;;;;x
title_ruler_consort;Ruler Consort;;;;;;;;;;;;;x
title_courtesan;Courtesan;;;;;;;;;;;;;x
title_courtesan_desc;;;;;;;;;;;;;;x
title_druid;Druid;;;;;;;;;;;;;x
title_druid_desc;This character is a member of the sacred ancient order of the Druids, but needs formal recognition across our lands.;;;;;;;;;;;;;x
title_monk;Diaconus;;;;;;;;;;;;;x
title_monk_desc;This character is a Christian priest, but needs formal recognition across our lands as official ministry of the Christian church.;;;;;;;;;;;;;x
title_caesar;Caesar;;;;;;;;;;;;;x
title_caesar_desc;Originally the highest honour in the Imperium Romanum, the status of "Caesar" has now been regularised into a title given to the designated Imperial Heir and retained by him upon accession to the throne.;;;;;;;;;;;;;x
title_caesar_non_voter;Caesar;;;;;;;;;;;;;x
title_caesar_non_voter_desc;Originally the highest honour in the Imperium Romanum, the status of "Caesar" has now been regularised into a title given to the designated Imperial Heir and retained by him upon accession to the throne.;;;;;;;;;;;;;x
tooltip_is_caesar;Is Caesar\n;;;;;;;;;;;;;x
title_lawspeaker;Lawspeaker;;;;;;;;;;;;;;x
title_lawspeaker_desc;The Lawspeaker memorizes the law of the realm and serves as its highest judicator. Needless to say, this comes with a great amount of prestige and responsibility.;;;;;;;;;;;;;;x
title_drottseti;Dróttseti;;;;;;;;;;;;;;x
title_drottseti_desc;The Dróttseti serves as a steward of the realm in a function similar to a seneschal, and it is considered to be a very prestigious post.;;;;;;;;;;;;;;x
title_court_skald;Court Skald;;;;;;;;;;;;;;x
title_court_skald_desc;Skaldic poetry is a greatly respected art, and the Court Skald is regarded as the realm's foremost expert on verse and prose. The Skald is ultimately responsible for chronicling the ruler's deeds for posterity.;;;;;;;;;;;;;;x
title_marksman;Merkismaðr;;;;;;;;;;;;;;x
title_marksman_desc;Literally meaning Marksman, the Merkismaðr has the honour of serving as the standard-bearer.;;;;;;;;;;;;;;x
title_hirdman;Hirdman;;;;;;;;;;;;;;x
title_hirdman_desc;The Hirdmen are seen as the ruler's trusted companions in arms, and the holders of this title command a great deal of respect.;;;;;;;;;;;;;;x
job_marshal_greek;Strategos;;;;;;;;;;;;;x
title_champion;Champion;;;;;;;;;;;;;x
title_champion_desc;The person that this title is bestowed upon is considered to be the Champion of the Realm. There is surely no greater honour for mortal men to aspire to.;;;;;;;;;;;;;x
title_berserker;Berserkr;;;;;;;;;;;;;x
title_berserker_desc;The Berserkr is the bearhide-clad champion of a Norse realm. Through defending his liege's honour and interests, he attains great honour himself.;;;;;;;;;;;;;x
title_master_of_the_blade;Master of the Blade;;;;;;;;;;;;;x
title_master_of_the_blade_desc;The Master of the Blade is a prestigious honorific usually granted to those with demonstrated ability in swordsmanship.;;;;;;;;;;;;;x
title_master_of_the_bow;Master of the Bow;;;;;;;;;;;;;x
title_master_of_the_bow_desc;The Master of the Bow is a prestigious honorific usually granted to those with demonstrated ability in bowmanship.;;;;;;;;;;;;;x
title_venerable_elder;Venerable Elder;;;;;;;;;;;;;x
title_venerable_elder_desc;This honorific can only be granted to those who have reached the age of fifty. Their wisdom and the sorely needed guidance they offer the younger generations is deserving of great respect.;;;;;;;;;;;;;x