c_durnovaria;Durnovaria;;;;;;;;;;;;;;x
c_durnovaria_adj;Durnovarian;;;;;;;;;;;;;;x
c_lindinis;Lindinis;;;;;;;;;;;;;;x
c_avalon;Avalon;;;;;;;;;;;;;;x
c_aquae_sulis;Aquae Sulis;;;;;;;;;;;;;;x
c_ambra;Ambra;;;;;;;;;;;;;;x
c_venta;Venta;;;;;;;;;;;;;;x
c_calleva;Calleva;;;;;;;;;;;;;;x
c_cunetio;Cunetio;;;;;;;;;;;;;;x
c_durocobrivis;Durocobrivis;;;;;;;;;;;;;;x
c_vectis;Vectis;;;;;;;;;;;;;;x
c_corinium;Corinium;;;;;;;;;;;;;;x
c_isca_dumnonia;Isca;;;;;;;;;;;;;;x
c_dartmoor;Dartmoor;;;;;;;;;;;;;;x
c_exmoor;Exmoor;;;;;;;;;;;;;;x
c_portus_adurni;Portus Adurni;;;;;;;;;;;;;;x
c_vindocladia;Vindocladia;;;;;;;;;;;;;;x
c_din_tagell;Din Tagell;;;;;;;;;;;;;;x
c_tamara;Tamara;;;;;;;;;;;;;;x
c_lands_end;Penn an Wlas;;;;;;;;;;;;;;x
c_glevum;Glevum;;;;;;;;;;;;;;x
c_burrium;Gwent;;;;;;;;;;;;;;x
c_magnis;Magnis;;;;;;;;;;;;;;x
c_lactodorum;Lactodorum;;;;;;;;;;;;;;x
c_isca_siluria;Isca Siluria;;;;;;;;;;;;;;x
c_nidum;Nidum;;;;;;;;;;;;;;x
c_ceredigion;Ceredigion;;;;;;;;;;;;;;x
c_lugg_vale;Lugg Vale;;;;;;;;;;;;;;x
c_caer_swys;Caer Swys;;;;;;;;;;;;;;x
c_cardigan;Pennal;;;;;;;;;;;;;;x
c_buelt;Buellt;;;;;;;;;;;;;;x
c_cicucium;Talgarth;;;;;;;;;;;;;;x
c_viroconium;Viroconium;;;;;;;;;;;;;;x
c_ratae;Ratae;;;;;;;;;;;;;;x
c_caer_gei;Meirionnydd;;;;;;;;;;;;;;x
c_gwynedd;Edeyrnion;;;;;;;;;;;;;;x
c_deva;Deva;;;;;;;;;;;;;;x
c_eburacum;Eburacum;;;;;;;;;;;;;;x
c_lindum;Lindum;;;;;;;;;;;;;;x
c_legiolium;Legiolium;;;;;;;;;;;;;;x
c_hibernicum;Salinae;;;;;;;;;;;;;;x
c_old_tyne;Vinovia;;;;;;;;;;;;;;x
c_eden;Ituna;;;;;;;;;;;;;;x
c_cornovia;Setantia;;;;;;;;;;;;;;x
c_durovernum;Durovernum;;;;;;;;;;;;;;x
c_cantia;Anderitum;;;;;;;;;;;;;;x
c_portus_dubris;Portus Dubris;;;;;;;;;;;;;;x
c_londinium;Londinium;;;;;;;;;;;;;;x
c_thunreslea;Thunreslea;;;;;;;;;;;;;;x
c_camulodunum;Camulodunum;;;;;;;;;;;;;;x
c_thetford;Theodford;;;;;;;;;;;;;;x
c_the_fens;The Fens;;;;;;;;;;;;;;x
c_moridunum;Caerfyrddin;;;;;;;;;;;;;;x
c_combe;Combe;;;;;;;;;;;;;;x
c_tripontium;Tripontium;;;;;;;;;;;;;;x
c_trent_hills;Derventio;;;;;;;;;;;;;;x
c_luguvallum;Corstopitum;;;;;;;;;;;;;;x
c_kirby_thore;Alauna;;;;;;;;;;;;;;x
c_chester_forest;Cæster Forest;;;;;;;;;;;;;;x
c_henis_wyren;Llyn;;;;;;;;;;;;;;x
c_ynys_mon;Ynys Môn;;;;;;;;;;;;;;x
c_ynys_man;Malew;;;;;;;;;;;;;;x
c_epidion;Ìle;;;;;;;;;;;;;;x
c_cantyre;Cinn Tìre;;;;;;;;;;;;;;x
c_ynys_aru;Ynys Arran;;;;;;;;;;;;;;x
c_muile;Muileach;;;;;;;;;;;;;;x
c_dunadd;Dún Add;;;;;;;;;;;;;;x
c_eskdale;Guendoleu;;;;;;;;;;;;;;x
c_bernicia;Bryneich;;;;;;;;;;;;;;x
c_gallow;Galwydd;;;;;;;;;;;;;;x
c_ayr;Tuathayr;;;;;;;;;;;;;;x
c_lothian;Camelon;;;;;;;;;;;;;;x
c_din_eidyn;Din Eidyn;;;;;;;;;;;;;;x
c_caledonia;Bràghad Albainn;;;;;;;;;;;;;;x
c_the_downs;The Downs;;;;;;;;;;;;;;x
c_armorica;Tregor;;;;;;;;;;;;;;x
c_broceliande;Briocum;;;;;;;;;;;;;;x
c_brivates;Bro-Leon;;;;;;;;;;;;;;x
c_ynys_trebes;Ynys Trebes;;;;;;;;;;;;;;x
c_constantia;Constantinia;;;;;;;;;;;;;;x
c_augustodurum;Augustodurum;;;;;;;;;;;;;;x
c_noviomagus;Lexoviorum;;;;;;;;;;;;;;x
c_lutetia;Parisius;;;;;;;;;;;;;;x
c_mediolanum;Sagium;;;;;;;;;;;;;;x
c_caesaromagus;Caesaromagus;;;;;;;;;;;;;;x
c_rotomagus;Rotomagensis;;;;;;;;;;;;;;x
c_juliobona;Juliobona;;;;;;;;;;;;;;x
c_samarobriva;Samarobriva;;;;;;;;;;;;;;x
c_gesoriacum;Bononia;;;;;;;;;;;;;;x
c_dal_naraide;Magh Line;;;;;;;;;;;;;;x
c_muineachain;Crích Mugdornd;;;;;;;;;;;;;;x
c_ui_neill;Tír Boghaine;;;;;;;;;;;;;;x
c_donegal;Tír Aedha;;;;;;;;;;;;;;x
c_connacht;Tír Amhlaidh;;;;;;;;;;;;;;x
c_ui_bruin;Luighne;;;;;;;;;;;;;;x
c_ui_maine;Uí Máine;;;;;;;;;;;;;;x
c_connemara;Conmhaícne Mara;;;;;;;;;;;;;;x
c_eblana;Áth Cliath;;;;;;;;;;;;;;x
c_longford;Tethbae Tuascirt;;;;;;;;;;;;;;x
c_kildare;Cill Dara;;;;;;;;;;;;;;x
c_manapia;An Déise;;;;;;;;;;;;;;x
c_laberus;Fearna;;;;;;;;;;;;;;x
c_clare;An Clár;;;;;;;;;;;;;;x
c_concagh;Corcaigh;;;;;;;;;;;;;;x
c_limerick;Inis Sibhtonn;;;;;;;;;;;;;;x
c_ui_liathain;Uí Liatháin;;;;;;;;;;;;;;x
c_avona;Avon;;;;;;;;;;;;;;x
c_margidunum;Margidunum;;;;;;;;;;;;;;x
c_iserium;Isurium;;;;;;;;;;;;;;x
c_teviotdale;Teviot;;;;;;;;;;;;;;x
c_liddesdale;Catraeth;;;;;;;;;;;;;;x
c_armagh;Ard Mhacha;;;;;;;;;;;;;;x
c_the_mourns;Mag Cobha;;;;;;;;;;;;;;x
c_fermanagh;Fir Manach;;;;;;;;;;;;;;x
c_doire;Tír Mhic Carthainn;;;;;;;;;;;;;;x
c_leitrim;Mag Rein;;;;;;;;;;;;;;x
c_cavan;An Cabhán;;;;;;;;;;;;;;x
c_wicklow;Cill Mhantáin;;;;;;;;;;;;;;x
c_kerry;Luachra;;;;;;;;;;;;;;x
c_ros_comain;Mag nAí;;;;;;;;;;;;;;x
c_tipperary;Caiseal;;;;;;;;;;;;;;x
c_elmham;Elmham;;;;;;;;;;;;;;x
c_abrincatae;Abrincatia;;;;;;;;;;;;;;x
c_caesarea;Insulae Lenuri;;;;;;;;;;;;;;x
c_noviodunum;Diablantia;;;;;;;;;;;;;;x
c_caletum;Caletum;;;;;;;;;;;;;;x
c_vermandois;Viromandia;;;;;;;;;;;;;;x
c_aulercia;Aulercorum;;;;;;;;;;;;;;x
c_eastcaledonia;Fib;;;;;;;;;;;;;;x
c_attacotia;Raithneach;;;;;;;;;;;;;;x
c_varfedale;Dunoting;;;;;;;;;;;;;;x
c_ioredale;Danum;;;;;;;;;;;;;;x
c_dinnewrac;Dinnewrac;;;;;;;;;;;;;;x
c_arden_forest;Arden Forest;;;;;;;;;;;;;;x
c_regia;Uí Failghe;;;;;;;;;;;;;;x
c_kilkenny;Cill Chainnigh;;;;;;;;;;;;;;x
c_ashgill;Vindomoran;;;;;;;;;;;;;;x
c_aldeburgh;Sitomagus;;;;;;;;;;;;;;x
c_caistor;Caistor;;;;;;;;;;;;;;x
c_southayr;Deasayr;;;;;;;;;;;;;;x
c_lochduin;Ardloch;;;;;;;;;;;;;;x
c_manann;Manann;;;;;;;;;;;;;;x
c_tregony;Tregony;;;;;;;;;;;;;;x
c_artland;Stoke Hill;;;;;;;;;;;;;;x
c_medcaut;Medcaut;;;;;;;;;;;;;;x
c_mide;Brega;;;;;;;;;;;;;;x
c_pengwern;Severnia;;;;;;;;;;;;;;x
c_carvetia;Medibogdo;;;;;;;;;;;;;;x
c_northhibernicum;Mamucium;;;;;;;;;;;;;;x
c_cornugallia;Vorgium;;;;;;;;;;;;;;x
c_agedincum;Agedincum;;;;;;;;;;;;;;x
c_arundel;Aerundæl;;;;;;;;;;;;;;x
c_durobrivae;Durobrivae;;;;;;;;;;;;;;x
c_nortwic;Nortwic;;;;;;;;;;;;;;x
c_gobannium;Blestium;;;;;;;;;;;;;;x
c_alchester;Aelia Castra;;;;;;;;;;;;;;x
c_roose;Caer Mynyw;;;;;;;;;;;;;;x
c_deganwy;Rhos;;;;;;;;;;;;;;x
c_petuaria;Petuaria;;;;;;;;;;;;;;x
c_talou;Novientum;;;;;;;;;;;;;;x
c_hiemois;Viducassia;;;;;;;;;;;;;;x
c_novantia;Druim Môr;;;;;;;;;;;;;;x
c_friesland;Starum;;;;;;;;;;;;;;x
c_veluwe;Fealhland;;;;;;;;;;;;;;x
c_hoern;Cinahaemi;;;;;;;;;;;;;;x
c_marsum;Ora Rheni;;;;;;;;;;;;;;x
c_traiectum;Traiectum;;;;;;;;;;;;;;x
c_alaudanum;Alaudanum;;;;;;;;;;;;;;x
c_dorestad;Fectio;;;;;;;;;;;;;;x
c_walacria;Valacria;;;;;;;;;;;;;;x
c_waal;Helinium;;;;;;;;;;;;;;x
c_tilburg;Frisiavonia;;;;;;;;;;;;;;x
c_toxandria;Feresne;;;;;;;;;;;;;;x
c_antwerp;Andoverpis;;;;;;;;;;;;;;x
c_flandrensis;Bruccia;;;;;;;;;;;;;;x
c_portus_aepatiaci;Viroviacum;;;;;;;;;;;;;;x
c_thieron;Tarvenna;;;;;;;;;;;;;;x
c_tournai;Tornacum;;;;;;;;;;;;;;x
c_leuven;Lovanium;;;;;;;;;;;;;;x
c_herstal;Trajectum ad Mosam;;;;;;;;;;;;;;x
c_arras;Nemetacum;;;;;;;;;;;;;;x
c_litomagus;Setucis;;;;;;;;;;;;;;x
c_malboden;Malbodium;;;;;;;;;;;;;;x
c_namur;Namurcum;;;;;;;;;;;;;;x
c_dinant;Hamoir;;;;;;;;;;;;;;x
c_soissons;Soissons;;;;;;;;;;;;;;x
c_arduenna;Mosa;;;;;;;;;;;;;;x
c_reims;Remensia;;;;;;;;;;;;;;x
c_verdun;Verodunum;;;;;;;;;;;;;;x
c_calmontium;Calvomontensis;;;;;;;;;;;;;;x
c_tricassia;Tricassium;;;;;;;;;;;;;;x
c_corobilium;Corobilium;;;;;;;;;;;;;;x
c_blesum;Blesum;;;;;;;;;;;;;;x
c_provinum;Calagum;;;;;;;;;;;;;;x
c_melodunum;Melodunum;;;;;;;;;;;;;;x
c_carnutia;Autricum;;;;;;;;;;;;;;x
c_orleans;Aurelianum;;;;;;;;;;;;;;x
c_brivodurum;Intaranum;;;;;;;;;;;;;;x
c_aballon;Aballo;;;;;;;;;;;;;;x
c_alesia;Mandubia;;;;;;;;;;;;;;x
c_tours;Caesarodunum;;;;;;;;;;;;;;x
c_vindinium;Cenomanus;;;;;;;;;;;;;;x
c_laval;Arvia;;;;;;;;;;;;;;x
c_rennes;Condate Riedonum;;;;;;;;;;;;;;x
c_redon;Brivates Portus;;;;;;;;;;;;;;x
c_vannes;Darioritum;;;;;;;;;;;;;;x
c_quimper;Aquilonia;;;;;;;;;;;;;;x
c_andecavis;Andecavia;;;;;;;;;;;;;;x
c_nantes;Portus Namnetum;;;;;;;;;;;;;;x
c_melle;Metulensis;;;;;;;;;;;;;;x
c_vogladensis;Toarceusis;;;;;;;;;;;;;;x
c_secor_portus;Arballicus;;;;;;;;;;;;;;x
c_brigiosium;Briocensis;;;;;;;;;;;;;;x
c_loches;Leucae;;;;;;;;;;;;;;x
c_argentomagus;Argentomagus;;;;;;;;;;;;;;x
c_poitou;Pictavus;;;;;;;;;;;;;;x
c_alvernia;Augustonemetum;;;;;;;;;;;;;;x
c_nevers;Nevirnum;;;;;;;;;;;;;;x
c_bourges;Avaricum;;;;;;;;;;;;;;x
c_autun;Augustodunum;;;;;;;;;;;;;;x
c_langres;Lingonum;;;;;;;;;;;;;;x
c_divio;Divio;;;;;;;;;;;;;;x
c_lugdunum;Lugdunum;;;;;;;;;;;;;;x
c_vervin;Verbinum;;;;;;;;;;;;;;x
c_hadrianicum;Cananefatia;;;;;;;;;;;;;;x
c_catalaunia;Durocatalaunum;;;;;;;;;;;;;;x
c_albula;Artiaca;;;;;;;;;;;;;;x
c_elsenburg;Ceuclum;;;;;;;;;;;;;;x
c_vienna;Vienna;;;;;;;;;;;;;;x
c_bar;Caturiges;;;;;;;;;;;;;;x
c_metz;Metensis;;;;;;;;;;;;;;x
c_tongeren;Tongeren;;;;;;;;;;;;;;x
c_landen;Landen;;;;;;;;;;;;;;x
c_tornodurum;Tornodurum;;;;;;;;;;;;;;x
c_mons;Castrilocus;;;;;;;;;;;;;;x
c_auxerre;Autissiodorum;;;;;;;;;;;;;;x
c_massavia;Massava;;;;;;;;;;;;;;x
c_chabris;Gabrisium;;;;;;;;;;;;;;x
c_saumur;Geinum;;;;;;;;;;;;;;x
c_chatillon;Briavenna;;;;;;;;;;;;;;x
c_valentia;Valentia;;;;;;;;;;;;;;x
c_limoges;Augustoritum;;;;;;;;;;;;;;x
c_moulin;Vorogio;;;;;;;;;;;;;;x
c_angus;Aonghas;;;;;;;;;;;;;;x
c_the_mearns;A' Mhaoirne;;;;;;;;;;;;;;x
c_aberdeen;Aberdheatain;;;;;;;;;;;;;;x
c_vacomagia;Banbh;;;;;;;;;;;;;;x
c_cei;Cei;;;;;;;;;;;;;;x
c_fotla;Ath-Fotla;;;;;;;;;;;;;;x
c_moray;Moireabh;;;;;;;;;;;;;;x
c_skiel;Skiel;;;;;;;;;;;;;;x
c_letterkenny;Tír Luigdach;;;;;;;;;;;;;;x
c_fortrose;Fortrose;;;;;;;;;;;;;;x
c_skye;Skiannach;;;;;;;;;;;;;;x
c_westeros;Wester-Rois;;;;;;;;;;;;;;x
c_rois;Rois;;;;;;;;;;;;;;x
c_dornoch;Dornoch;;;;;;;;;;;;;;x
c_gallaibh;Gallaibh;;;;;;;;;;;;;;x
c_cataibh;Cataibh;;;;;;;;;;;;;;x
c_leodhas;Leodhas;;;;;;;;;;;;;;x
c_uist;Uist;;;;;;;;;;;;;;x
c_scotia;Latharna;;;;;;;;;;;;;;x
c_inverness;Inbhir Nis;;;;;;;;;;;;;;x
c_rum;Rôm;;;;;;;;;;;;;;x
c_dunmor;Dún Mor;;;;;;;;;;;;;;x
c_fidach;Fidach;;;;;;;;;;;;;;x
c_lochearn;Lochearn;;;;;;;;;;;;;;x
c_dal_riata;Dál Riata;;;;;;;;;;;;;;x
c_tyrone;Magh Ithe;;;;;;;;;;;;;;x
c_dal_fiatach;Leath Cathail;;;;;;;;;;;;;;x
c_lu;Airthir;;;;;;;;;;;;;;x
c_louth;Fir Arda;;;;;;;;;;;;;;x
c_tethbae;Tethbae Deiscirt;;;;;;;;;;;;;;x
c_loigis;Loígis;;;;;;;;;;;;;;x
c_carlow;Ceatharlach;;;;;;;;;;;;;;x
c_clogher;Clochar;;;;;;;;;;;;;;x
c_ailech;Ailigh;;;;;;;;;;;;;;x
c_eilne;Eilne;;;;;;;;;;;;;;x
c_fir_li;Fir Lí;;;;;;;;;;;;;;x
c_ui_tuirtri;Uí Thuirtri;;;;;;;;;;;;;;x
c_derventio;Deruentione;;;;;;;;;;;;;;x
c_cambodunum;Cambodunum;;;;;;;;;;;;;;x
c_ad_pontem;Ad Pontem;;;;;;;;;;;;;;x
c_altclut;Alt Clut;;;;;;;;;;;;;;x
c_dunpender;Dunpender;;;;;;;;;;;;;;x
c_iuddeu;Iuddeu;;;;;;;;;;;;;;x
c_lumonwy;Lumonwy;;;;;;;;;;;;;;x
c_armterid;Armterid;;;;;;;;;;;;;;x
c_ciniubantum;Ciniubantum;;;;;;;;;;;;;;x
c_grantabrycge;Grantabrycge;;;;;;;;;;;;;;x
c_beodericsworth;Beodericsworth;;;;;;;;;;;;;;x
c_gippelwich;Gippelwich;;;;;;;;;;;;;;x
c_lukintune;Lukintune;;;;;;;;;;;;;;x
c_chiltern_hills;Latimer;;;;;;;;;;;;;;x
c_fearnhamme;Fearnhamme;;;;;;;;;;;;;;x
c_clausentum;Clausentum;;;;;;;;;;;;;;x
c_sorviodunum;Sorviodunum;;;;;;;;;;;;;;x
c_hen_vicus;Hen Vicus;;;;;;;;;;;;;;x
c_spinae;Spinae;;;;;;;;;;;;;;x
c_abona;Abona;;;;;;;;;;;;;;x
c_ariconium;Ariconium;;;;;;;;;;;;;;x
c_wychwood;Wychwood;;;;;;;;;;;;;;x
c_verlucio;Verlucio;;;;;;;;;;;;;;x
c_causennae;Causennae;;;;;;;;;;;;;;x
c_banovallum;Banovallum;;;;;;;;;;;;;;x
c_godmundceaster;Godmundceaster;;;;;;;;;;;;;;x
c_bannaventa;Bannaventa;;;;;;;;;;;;;;x
c_magiovinium;Magiovinium;;;;;;;;;;;;;;x
c_letocetum;Letocetum;;;;;;;;;;;;;;x
c_manduessedum;Manduessedum;;;;;;;;;;;;;;x
c_leucarum;Leucarum;;;;;;;;;;;;;;x
c_llanymddyfri;Llanymddyfri;;;;;;;;;;;;;;x
c_gwrtheyrnion;Gwrtheyrnion;;;;;;;;;;;;;;x
c_maelienydd;Maelienydd;;;;;;;;;;;;;;x
c_tegeingl;Tegeingl;;;;;;;;;;;;;;x
c_maelor;Maelor;;;;;;;;;;;;;;x
c_regentium;Regentium;;;;;;;;;;;;;;x
c_dunoding;Dunoding;;;;;;;;;;;;;;x
c_rhufoniog;Rhufoniog;;;;;;;;;;;;;;x
c_cefeliog;Cefeliog;;;;;;;;;;;;;;x
c_arfon;Arfon;;;;;;;;;;;;;;x
c_vindomis;Vindomis;;;;;;;;;;;;;;x
c_brinavae;Brinavae;;;;;;;;;;;;;;x
c_gwash;Gwash;;;;;;;;;;;;;;x
c_tone;Tone;;;;;;;;;;;;;;x
c_thanet;Ynys Tanatus;;;;;;;;;;;;;;x
c_insee_orc;Mòr-thìr;;;;;;;;;;;;;;x
c_insee_cait;Rigsbri;;;;;;;;;;;;;;x
c_lyonesse;Syllan;;;;;;;;;;;;;;x
c_winaam;Aralingia;;;;;;;;;;;;;;x
c_dokkum;Dokkum;;;;;;;;;;;;;;x
c_groningen;Grinslân;;;;;;;;;;;;;;x
c_emden;Emden;;;;;;;;;;;;;;x
c_leer;Hleri;;;;;;;;;;;;;;x
c_jever;Jever;;;;;;;;;;;;;;x
c_aardenburg;Rodanum;;;;;;;;;;;;;;x
c_zwolle;Zwolle;;;;;;;;;;;;;;x
c_drenthe;Treantha;;;;;;;;;;;;;;x
c_twenthe;Twente;;;;;;;;;;;;;;x
c_nijmegen;Batavorum;;;;;;;;;;;;;;x
c_achterhoek;Suþfenn;;;;;;;;;;;;;;x
c_cologne;Colonia Agrippina;;;;;;;;;;;;;;x
c_aquae_granni;Aquae Granni;;;;;;;;;;;;;;x
c_novaesium;Novaesium;;;;;;;;;;;;;;x
c_tricensimae;Tricensimae;;;;;;;;;;;;;;x
c_juliacum;Juliacum;;;;;;;;;;;;;;x
c_bonna;Bonna;;;;;;;;;;;;;;x
c_teudurum;Teudurum;;;;;;;;;;;;;;x
c_orolaunum;Orolaunum;;;;;;;;;;;;;;x
c_leodicum;Leodicum;;;;;;;;;;;;;;x
c_hoium;Hoium;;;;;;;;;;;;;;x
c_icorigium;Icorigium;;;;;;;;;;;;;;x
c_camaracum;Camaracum;;;;;;;;;;;;;;x
c_pontes_ambianorum;Pontes;;;;;;;;;;;;;;x
c_leuconaus;Leuconaus;;;;;;;;;;;;;;x
c_meduantum;Meduantum;;;;;;;;;;;;;;x
c_castellum_menapiorum;Castellum Menapiorum;;;;;;;;;;;;;;x
c_helena;Helena;;;;;;;;;;;;;;x
c_origiacum;Origiacum;;;;;;;;;;;;;;x
c_vodgoriacum;Vodgoriacum;;;;;;;;;;;;;;x
c_pons_scaldis;Pons Scaldis;;;;;;;;;;;;;;x
c_tamasiacum;Tamasiacum;;;;;;;;;;;;;;x
c_brussels;Castrum;;;;;;;;;;;;;;x
c_noyon;Noviomum;;;;;;;;;;;;;;x
c_otmus;Otmus;;;;;;;;;;;;;;x
c_aylesford;Rithergabail;;;;;;;;;;;;;;x
c_vungus;Vungus;;;;;;;;;;;;;;x
c_basilia;Basilia;;;;;;;;;;;;;;x
c_silvanectia;Silvanectia;;;;;;;;;;;;;;x
c_meruacum;Meruacum;;;;;;;;;;;;;;x
c_petromantalum;Petromantalum;;;;;;;;;;;;;;x
c_uggade;Uggade;;;;;;;;;;;;;;x
c_condate;Condate;;;;;;;;;;;;;;x
c_thietmaresca;Tedmarescia;;;;;;;;;;;;;;x
c_hulsatia;Holsteen;;;;;;;;;;;;;;x
c_sturmaria;Stormarn;;;;;;;;;;;;;;x
c_sigeberch;Sigibergi;;;;;;;;;;;;;;x
c_esuvia;Esuvia;;;;;;;;;;;;;;x
c_breviodurum;Breviodurum;;;;;;;;;;;;;;x
c_egtha;Fifeldor;;;;;;;;;;;;;;x
c_rieseby;Housewich;;;;;;;;;;;;;;x
c_sleswick;Sliesthorp;;;;;;;;;;;;;;x
c_eiderstedt;Fifeldormuþ;;;;;;;;;;;;;;x
c_flansberg;Flansberg;;;;;;;;;;;;;;x
c_ribe;Ripen;;;;;;;;;;;;;;x
c_carpentoratensium;Carpentoratensium;;;;;;;;;;;;;;x
c_sylt;Selhiþo;;;;;;;;;;;;;;x
c_avennio;Avennio;;;;;;;;;;;;;;x
c_haderslev;Haderslev;;;;;;;;;;;;;;x
c_esbjerg;Varvith;;;;;;;;;;;;;;x
c_vejle;Almundæ;;;;;;;;;;;;;;x
c_hemuing;Hamrum;;;;;;;;;;;;;;x
c_grena;Lofræth;;;;;;;;;;;;;;x
c_arhus;Árós;;;;;;;;;;;;;;x
c_mors;Morsø;;;;;;;;;;;;;;x
c_alborg;Himbersland;;;;;;;;;;;;;;x
c_hanstholm;Þjóðland;;;;;;;;;;;;;;x
c_skagen;Vendill;;;;;;;;;;;;;;x
c_odense;Odinevi;;;;;;;;;;;;;;x
c_svendborg;Suinaburgum;;;;;;;;;;;;;;x
c_rudkobing;Langlandia;;;;;;;;;;;;;;x
c_lolland;Lagalandia;;;;;;;;;;;;;;x
c_falster;Falastara;;;;;;;;;;;;;;x
c_mon;Muna;;;;;;;;;;;;;;x
c_vordingborg;Præstø;;;;;;;;;;;;;;x
c_ringsted;Týssær;;;;;;;;;;;;;;x
c_hillerod;Týsvella;;;;;;;;;;;;;;x
c_norrkoping;Norrköping;;;;;;;;;;;;;;x
c_salling;Salling;;;;;;;;;;;;;;x
c_jelling;Jalyng;;;;;;;;;;;;;;x
c_vasio;Vasio;;;;;;;;;;;;;;x
c_hind;Heingæ;;;;;;;;;;;;;;x
c_viborg;Omungær;;;;;;;;;;;;;;x
c_rendsburg;Rendsborg;;;;;;;;;;;;;;x
c_tonder;Tuner;;;;;;;;;;;;;;x
c_taurinus;Taurinus;;;;;;;;;;;;;;x
c_alauna;Alauna;;;;;;;;;;;;;;x
c_bornholm;Burgundia;;;;;;;;;;;;;;x
c_soro;Sunland;;;;;;;;;;;;;;x
c_roskilde;Hleiðargarðr;;;;;;;;;;;;;;x
c_fanum_martis;Fanum Martis;;;;;;;;;;;;;;x
c_blavia;Blavia;;;;;;;;;;;;;;x
c_poutrocoet;Poutrocoët;;;;;;;;;;;;;;x
c_sipia;Sipia;;;;;;;;;;;;;;x
c_ratiatum;Teofalicus;;;;;;;;;;;;;;x
c_alfheimar;Harabanarshulta;;;;;;;;;;;;;;x
c_vingulmork;Óðinssalr;;;;;;;;;;;;;;x
c_vestfold;Skíringssalr;;;;;;;;;;;;;;x
c_rauma;Raumariki;;;;;;;;;;;;;;x
c_hringariki;Hringariki;;;;;;;;;;;;;;x
c_hatha;Haða;;;;;;;;;;;;;;x
c_heina;Heina;;;;;;;;;;;;;;x
c_valdres;Valdres;;;;;;;;;;;;;;x
c_haddingjadalr;Haddingjadalr;;;;;;;;;;;;;;x
c_numadalr;Numadalr;;;;;;;;;;;;;;x
c_thelamork;Vestrfirðir;;;;;;;;;;;;;;x
c_graena;Grænmar;;;;;;;;;;;;;;x
c_austegtha;Austegða;;;;;;;;;;;;;;x
c_efriegtha;Efriegða;;;;;;;;;;;;;;x
c_vestegtha;Vestegða;;;;;;;;;;;;;;x
c_jatharr;Jaðarr;;;;;;;;;;;;;;x
c_rygja;Rygja;;;;;;;;;;;;;;x
c_harthangr;Harðangr;;;;;;;;;;;;;;x
c_horda;Hórda;;;;;;;;;;;;;;x
c_sygna;Sygna;;;;;;;;;;;;;;x
c_firtha;Firðir;;;;;;;;;;;;;;x
c_meduana;Meduana;;;;;;;;;;;;;;x
c_combaristum;Combaristum;;;;;;;;;;;;;;x
c_ad_fines;Ad Fines;;;;;;;;;;;;;;x
c_robrica;Robrica;;;;;;;;;;;;;;x
c_segora;Medalgisus;;;;;;;;;;;;;;x
c_dal;Sundal;;;;;;;;;;;;;;x
c_caino;Caino;;;;;;;;;;;;;;x
c_vetraria;Ratiatensis;;;;;;;;;;;;;;x
c_malmhaug;Upakrar;;;;;;;;;;;;;;x
c_helsingborg;Austrahálsalanda;;;;;;;;;;;;;;x
c_vae;Steinahafulo;;;;;;;;;;;;;;x
c_rynestad;Gudingalanda;;;;;;;;;;;;;;x
c_laholm;Laholm;;;;;;;;;;;;;;x
c_getakarr;Getakärr;;;;;;;;;;;;;;x
c_solvesborg;Sölvesborg;;;;;;;;;;;;;;x
c_rotnaeby;Rotnæby;;;;;;;;;;;;;;x
c_visby;Midalatritingia;;;;;;;;;;;;;;x
c_slite;Nortatritingia;;;;;;;;;;;;;;x
c_morbylanga;Alavicum;;;;;;;;;;;;;;x
c_borgholm;Kaupongarwíkó;;;;;;;;;;;;;;x
c_more;Södra Möre;;;;;;;;;;;;;;x
c_handbord;Handbörd;;;;;;;;;;;;;;x
c_sevede;Sevede;;;;;;;;;;;;;;x
c_varend;Konga;;;;;;;;;;;;;;x
c_finnveden;Sunnerbo;;;;;;;;;;;;;;x
c_njudung;Västra;;;;;;;;;;;;;;x
c_vista;Tuista;;;;;;;;;;;;;;x
c_tveta;Tuaeta;;;;;;;;;;;;;;x
c_vedbo;Södra Vedbo;;;;;;;;;;;;;;x
c_linkoping;Linköping;;;;;;;;;;;;;;x
c_koping;Köping;;;;;;;;;;;;;;x
c_ulricehamn;Bogesund;;;;;;;;;;;;;;x
c_gotarborg;Lödöse;;;;;;;;;;;;;;x
c_falkoping;Skara;;;;;;;;;;;;;;x
c_skaraborg;Týsviðr;;;;;;;;;;;;;;x
c_aspeland;Osbornsland;;;;;;;;;;;;;;x
c_tjust;Tjust;;;;;;;;;;;;;;x
c_kinda;Kinda;;;;;;;;;;;;;;x
c_durocassia;Durocassia;;;;;;;;;;;;;;x
c_salioclita;Salioclita;;;;;;;;;;;;;;x
c_dunense;Dunense;;;;;;;;;;;;;;x
c_durocornovium;Durocornovium;;;;;;;;;;;;;;x
c_belca;Belca;;;;;;;;;;;;;;x
c_ingrannes;Ad Fines;;;;;;;;;;;;;;x
c_tasiaca;Tasciaca;;;;;;;;;;;;;;x
c_ursulis;Ursulis;;;;;;;;;;;;;;x
c_catulliacus;Catulliacus;;;;;;;;;;;;;;x
c_hastings;Mutuantonis;;;;;;;;;;;;;;x
c_iantinum;Iantinum;;;;;;;;;;;;;;x
c_aquis_segesta;Stampensis;;;;;;;;;;;;;;x
c_bandritum;Vastinensis;;;;;;;;;;;;;;x
c_morginnum;Morginnum;;;;;;;;;;;;;;x
c_texel;Texla;;;;;;;;;;;;;;x
c_heligoland;Fositesland;;;;;;;;;;;;;;x
c_south_strand;Suþ Strand;;;;;;;;;;;;;;x
c_north_strand;Norþ Strand;;;;;;;;;;;;;;x
c_vestervig;Vestervig;;;;;;;;;;;;;;x
c_aunis;Alnensis;;;;;;;;;;;;;;x
c_novioritum;Novioritum;;;;;;;;;;;;;;x
c_cerebelliaca;Cerebelliaca;;;;;;;;;;;;;;x
c_santonorum;Santonorum;;;;;;;;;;;;;;x
c_iculisma;Iculisma;;;;;;;;;;;;;;x
c_aunedonnacum;Aunedonnacum;;;;;;;;;;;;;;x
c_agernacum;Agernacum;;;;;;;;;;;;;;x
c_sermanicomagus;Sermanicomagus;;;;;;;;;;;;;;x
c_burdigala;Burdigala;;;;;;;;;;;;;;x
c_medullia;Medullia;;;;;;;;;;;;;;x
c_corterate;Burgus;;;;;;;;;;;;;;x
c_varatedo;Varatedo;;;;;;;;;;;;;;x
c_wasia;Wasia;;;;;;;;;;;;;;x
c_ghent;Ghant;;;;;;;;;;;;;;x
c_kortrijk;Curtrec;;;;;;;;;;;;;;x
c_vesunna;Vesunna;;;;;;;;;;;;;;x
c_luda;Luda;;;;;;;;;;;;;;x
c_travectus;Travectus;;;;;;;;;;;;;;x
c_diolindum;Diolindum;;;;;;;;;;;;;;x
c_ernaginum;Ernaginum;;;;;;;;;;;;;;x
c_fines;Fines;;;;;;;;;;;;;;x
c_attanum;Attanum;;;;;;;;;;;;;;x
c_aginnum;Aginnum;;;;;;;;;;;;;;x
c_rheiderland;Reiderland;;;;;;;;;;;;;;x
c_excisum;Excisum;;;;;;;;;;;;;;x
c_segodunum;Segodunum;;;;;;;;;;;;;;x
c_cabellio;Cabellio;;;;;;;;;;;;;;x
c_condatomagus;Condatomagus;;;;;;;;;;;;;;x
c_haduloha;Haduloha;;;;;;;;;;;;;;x
c_heilaland;Heilaland;;;;;;;;;;;;;;x
c_telo_martius;Telo Martius;;;;;;;;;;;;;;x
c_wihmuodi;Wihmuodi;;;;;;;;;;;;;;x
c_agredingland;Agredingland;;;;;;;;;;;;;;x
c_bursibant;Bursibant;;;;;;;;;;;;;;x
c_hasaland;Hasaland;;;;;;;;;;;;;;x
c_segimovicus;Segimovicus;;;;;;;;;;;;;;x
c_tincontium;Tincontium;;;;;;;;;;;;;;x
c_mediolanum_biturigum;Mediolanum;;;;;;;;;;;;;;x
c_cantilia;Cantilia;;;;;;;;;;;;;;x
c_swaffham;Swaffham;;;;;;;;;;;;;;x
c_ammerland;Ammerland;;;;;;;;;;;;;;x
c_leriland;Leriland;;;;;;;;;;;;;;x
c_laarland;Laarland;;;;;;;;;;;;;;x
c_derveland;Derveland;;;;;;;;;;;;;;x
c_dordrecht;Tablae;;;;;;;;;;;;;;x
c_muiden;Amuda;;;;;;;;;;;;;;x
c_skopingham;Skopingham;;;;;;;;;;;;;;x
c_bohholt;Bohholt;;;;;;;;;;;;;;x
c_dreinland;Dreinland;;;;;;;;;;;;;;x
c_hlidbeki;Hlidbeki;;;;;;;;;;;;;;x
c_dersaland;Dersaland;;;;;;;;;;;;;;x
c_threcwiti;Threcwiti;;;;;;;;;;;;;;x
c_grainland;Grainland;;;;;;;;;;;;;;x
c_duisburg;Disbargum;;;;;;;;;;;;;;x
c_hatterun;Solingum;;;;;;;;;;;;;;x
c_deutz;Divitia;;;;;;;;;;;;;;x
c_avalgowe;Auvallia;;;;;;;;;;;;;;x
c_cassinomagus;Cassinomagus;;;;;;;;;;;;;;x
c_andecamulum;Andecamulum;;;;;;;;;;;;;;x
c_acitodunum;Acitodunum;;;;;;;;;;;;;;x
c_ivaonum;Ivaonum;;;;;;;;;;;;;;x
c_userca;Userca;;;;;;;;;;;;;;x
c_argenta;Argenta;;;;;;;;;;;;;;x
c_lovolautrum;Lovolautrum;;;;;;;;;;;;;;x
c_brivas;Brivas;;;;;;;;;;;;;;x
c_indiciacum;Indiciacum;;;;;;;;;;;;;;x
c_aquis_calentes;Aquis Calentes;;;;;;;;;;;;;;x
c_walchum;Walichum;;;;;;;;;;;;;;x
c_divona;Divona;;;;;;;;;;;;;;x
c_gurdo;Gurdo;;;;;;;;;;;;;;x
c_varadetum;Varadetum;;;;;;;;;;;;;;x
c_cossa;Cossa;;;;;;;;;;;;;;x
c_luedenscheid;Liudulfsheith;;;;;;;;;;;;;;x
c_dortmund;Throtmanni;;;;;;;;;;;;;;x
c_arausio;Arausio;;;;;;;;;;;;;;x
c_lochtrop;Lothorp;;;;;;;;;;;;;;x
c_oedingen;Oedingheim;;;;;;;;;;;;;;x
c_carantomagus;Carantomagus;;;;;;;;;;;;;;x
c_amiliavum;Amiliavum;;;;;;;;;;;;;;x
c_crodioialum;Crodioialum;;;;;;;;;;;;;;x
c_albiga;Albiga;;;;;;;;;;;;;;x
c_alto_pullo;Alto Pullo;;;;;;;;;;;;;;x
c_anderitum;Anderitum;;;;;;;;;;;;;;x
c_gredonum;Gredonum;;;;;;;;;;;;;;x
c_aqua_calida;Aqua Calida;;;;;;;;;;;;;;x
c_ruessium;Ruessium;;;;;;;;;;;;;;x
c_iciomagus;Iciomagus;;;;;;;;;;;;;;x
c_belena;Belena;;;;;;;;;;;;;;x
c_dusma;Dusma;;;;;;;;;;;;;;x
c_denegontium;Denegontium;;;;;;;;;;;;;;x
c_sidoloucum;Sidoloucum;;;;;;;;;;;;;;x
c_lasticum;Lasticum;;;;;;;;;;;;;;x
c_segessera;Segessera;;;;;;;;;;;;;;x
c_gratianopolis;Gratianopolis;;;;;;;;;;;;;;x
c_mosa;Mosa;;;;;;;;;;;;;;x
c_attoaria;Attoaria;;;;;;;;;;;;;;x
c_sapaudia;Sapaudia;;;;;;;;;;;;;;x
c_cabilonnum;Cabilonnum;;;;;;;;;;;;;;x
c_pons_dubris;Pons Dubris;;;;;;;;;;;;;;x
c_latona;Latona;;;;;;;;;;;;;;x
c_matisco;Matisco;;;;;;;;;;;;;;x
c_balgiacum;Balgiacum;;;;;;;;;;;;;;x
c_isarnodurum;Isarnodurum;;;;;;;;;;;;;;x
c_condatiscone;Condatiscone;;;;;;;;;;;;;;x
c_asa_paulini;Asa Paulini;;;;;;;;;;;;;;x
c_segusiavorum;Segusiavorum;;;;;;;;;;;;;;x
c_aquae_segetae;Aquae Segetae;;;;;;;;;;;;;;x
c_tolosa;Tolosa;;;;;;;;;;;;;;x
c_ad_iovem;Ad Novem;;;;;;;;;;;;;;x
c_vernosolum;Vernosolum;;;;;;;;;;;;;;x
c_sostomagus;Sostomagus;;;;;;;;;;;;;;x
c_tarusco;Tarusco;;;;;;;;;;;;;;x
c_narbo;Narbo;;;;;;;;;;;;;;x
c_carcasum;Carcasum;;;;;;;;;;;;;;x
c_ad_vicensimum;Ad Vicensimum;;;;;;;;;;;;;;x
c_rhedae;Rhedae;;;;;;;;;;;;;;x
c_sardonia;Sardonia;;;;;;;;;;;;;;x
c_conflent;Prata;;;;;;;;;;;;;;x
c_baeterrae;Baeterrae;;;;;;;;;;;;;;x
c_agatha;Agatha;;;;;;;;;;;;;;x
c_luteva;Luteva;;;;;;;;;;;;;;x
c_nemausus;Nemausus;;;;;;;;;;;;;;x
c_magalona;Magalona;;;;;;;;;;;;;;x
c_andusia;Andusia;;;;;;;;;;;;;;x
c_ucetia;Ucetia;;;;;;;;;;;;;;x
c_vastbo;Västbo;;;;;;;;;;;;;;x
c_ostbo;Östbo;;;;;;;;;;;;;;x
c_uppvidinge;Uppvidinge;;;;;;;;;;;;;;x
c_norrvidinge;Norrvidinge;;;;;;;;;;;;;;x
c_kinnevald;Kinnevald;;;;;;;;;;;;;;x
c_tricastinorum;Tricastinorum;;;;;;;;;;;;;;x
c_norra_more;Norra Möre;;;;;;;;;;;;;;x
c_stranda;Stranda;;;;;;;;;;;;;;x
c_ostra;Östra;;;;;;;;;;;;;;x
c_norra_vedbo;Norra Vedbo;;;;;;;;;;;;;;x
c_tunalan;Tunalän;;;;;;;;;;;;;;x
c_ydre;Ydre;;;;;;;;;;;;;;x
c_portus_lemanis;Portus Lemanis;;;;;;;;;;;;;;x
c_als;Als;;;;;;;;;;;;;;x
c_schwansen;Risonum;;;;;;;;;;;;;;x
c_verulanium;Verulanium;;;;;;;;;;;;;;x
c_anderida;Anderida Silva;;;;;;;;;;;;;;x
c_ely;Ely;;;;;;;;;;;;;;x
c_holme_fen;Holme Fen;;;;;;;;;;;;;;x
c_ixworth;Gyxeweorde;;;;;;;;;;;;;;x
c_segelocum;Segelocum;;;;;;;;;;;;;;x
c_danu;Dôn;;;;;;;;;;;;;;x
c_scarsdale;Scarsdale;;;;;;;;;;;;;;x
c_dovedale;Dovedale;;;;;;;;;;;;;;x
c_repton;Repton;;;;;;;;;;;;;;x
c_delgovicia;Delgovicia;;;;;;;;;;;;;;x
c_dictium;Dictium;;;;;;;;;;;;;;x
c_aquae_arnemetiae;Aquae Arnemeti;;;;;;;;;;;;;;x
c_coccium;Coccium;;;;;;;;;;;;;;x
c_treverorum;Treverorum;;;;;;;;;;;;;;x
c_princastellum;Princastellum;;;;;;;;;;;;;;x
c_beda;Beda;;;;;;;;;;;;;;x
c_stadunensis;Stadunensis;;;;;;;;;;;;;;x
c_ibliodurum;Ibliodurum;;;;;;;;;;;;;;x
c_tullum;Tullum;;;;;;;;;;;;;;x
c_solimariaca;Solimariacensis;;;;;;;;;;;;;;x
c_suentensis;Suentensis;;;;;;;;;;;;;;x
c_decempagi;Salinensis;;;;;;;;;;;;;;x
c_falconis_mons;Falconis Mons;;;;;;;;;;;;;;x
c_saravus;Saronensis;;;;;;;;;;;;;;x
c_cowal;Còmhghall;;;;;;;;;;;;;;x
c_jura;Diùra;;;;;;;;;;;;;;x
c_ardnamurchan;Àird nam Murchan;;;;;;;;;;;;;;x
c_inverlochy;Inbhir Lochaidh;;;;;;;;;;;;;;x
c_airdchartdan;Airdchartdan;;;;;;;;;;;;;;x
c_assynt;Asainte;;;;;;;;;;;;;;x
c_rousay;Tribri;;;;;;;;;;;;;;x
c_yell;Yell;;;;;;;;;;;;;;x
c_dal_vedbo;Vedbo;;;;;;;;;;;;;;x
c_kils;Kils;;;;;;;;;;;;;;x
c_grums;Grums;;;;;;;;;;;;;;x
c_nordmark;Nordmark;;;;;;;;;;;;;;x
c_olme;Ölme;;;;;;;;;;;;;;x
c_farnebo;Färnebo;;;;;;;;;;;;;;x
c_fryksdal;Fryksdal;;;;;;;;;;;;;;x
c_jonaker;Jönåker;;;;;;;;;;;;;;x
c_svartlosa;Svartlösa;;;;;;;;;;;;;;x
c_selebo;Selebo;;;;;;;;;;;;;;x
c_rekarne;Reikr;;;;;;;;;;;;;;x
c_oppunda;Oppunda;;;;;;;;;;;;;;x
c_orebro;Örebro;;;;;;;;;;;;;;x
c_kumla;Kumla;;;;;;;;;;;;;;x
c_sundbo;Sundbo;;;;;;;;;;;;;;x
c_tuhundra;Tuhundra;;;;;;;;;;;;;;x
c_simtuna;Simtuna;;;;;;;;;;;;;;x
c_akerbo;Åkerbo;;;;;;;;;;;;;;x
c_nora;Nora;;;;;;;;;;;;;;x
c_vaksala;Vaksala;;;;;;;;;;;;;;x
c_nardinghundra;Närdinghundra;;;;;;;;;;;;;;x
c_vala;Våla;;;;;;;;;;;;;;x
c_gastrikland;Gästrikland;;;;;;;;;;;;;;x
c_asunda;Åsunda;;;;;;;;;;;;;;x
c_torstuna;Torstuna;;;;;;;;;;;;;;x
c_arlinghundra;Ärlinghundra;;;;;;;;;;;;;;x
c_sollentuna;Färentuna;;;;;;;;;;;;;;x
c_sjuhundra;Sjuhundra;;;;;;;;;;;;;;x
c_danderys;Danderyds;;;;;;;;;;;;;;x
c_frotuna;Frötuna;;;;;;;;;;;;;;x
c_frosaker;Frösåker;;;;;;;;;;;;;;x
c_falun;Falun;;;;;;;;;;;;;;x
c_hedemora;Hedemora;;;;;;;;;;;;;;x
c_ludvika;Ludvika;;;;;;;;;;;;;;x
c_osterdalarna;Österdalarna;;;;;;;;;;;;;;x
c_vasterdalarna;Västerdalarna;;;;;;;;;;;;;;x
c_nithersi;Nithersi;;;;;;;;;;;;;;x
c_almango;Almango;;;;;;;;;;;;;;x
c_patherga;Patherga;;;;;;;;;;;;;;x
c_netga;Netga;;;;;;;;;;;;;;x
c_tunge;Tunge;;;;;;;;;;;;;;x
c_hessim;Hessim;;;;;;;;;;;;;;x
c_osterburg;Óstaraburg;;;;;;;;;;;;;;x
c_bucki;Bukki;;;;;;;;;;;;;;x
c_sturmi;Sturmi;;;;;;;;;;;;;;x
c_mosde;Mosde;;;;;;;;;;;;;;x
c_loingau;Lohingo;;;;;;;;;;;;;;x
c_grindiriga;Grintiraga;;;;;;;;;;;;;;x
c_detmold;Theotmalli;;;;;;;;;;;;;;x
c_augau;Ahagowe;;;;;;;;;;;;;;x
c_tilithi;Tilithi;;;;;;;;;;;;;;x
c_huettagau;Huettago;;;;;;;;;;;;;;x
c_halmstad;Halmstad;;;;;;;;;;;;;;x
c_daga;Daga;;;;;;;;;;;;;;x
c_hollebo;Höllebo;;;;;;;;;;;;;;x
c_south_treding;Sunþraþríjoþinga;;;;;;;;;;;;;;x
c_fellingsbro;Fiælandsbro;;;;;;;;;;;;;;x
c_elusa;Elusa;;;;;;;;;;;;;;x
c_arelate;Arelate;;;;;;;;;;;;;;x
c_elimberrum;Augusta Auscorum;;;;;;;;;;;;;;x
c_belsinum;Belsinum;;;;;;;;;;;;;;x
c_lactora;Lactora;;;;;;;;;;;;;;x
c_lugdunum_convenarum;Convenarum;;;;;;;;;;;;;;x
c_aquae_onesiorum;Aquae Onesiorum;;;;;;;;;;;;;;x
c_consorannum;Consorannum;;;;;;;;;;;;;;x
c_bigorra;Bigorra;;;;;;;;;;;;;;x
c_novum_oppidum;Novum Oppidum;;;;;;;;;;;;;;x
c_atura;Atura;;;;;;;;;;;;;;x
c_mons_martiani;Mons Martiani;;;;;;;;;;;;;;x
c_cossium;Cossium;;;;;;;;;;;;;;x
c_alingo;Alingo;;;;;;;;;;;;;;x
c_beneharnum;Beneharnum;;;;;;;;;;;;;;x
c_iluro;Iluro;;;;;;;;;;;;;;x
c_aspalluga;Aspalluga;;;;;;;;;;;;;;x
c_boios;Boios;;;;;;;;;;;;;;x
c_losa;Losa;;;;;;;;;;;;;;x
c_aquae_tarbellicae;Aquae Tarbellicae;;;;;;;;;;;;;;x
c_coequosa;Coequosa;;;;;;;;;;;;;;x
c_cocosatia;Cocosatia;;;;;;;;;;;;;;x
c_lapurdum;Lapurdum;;;;;;;;;;;;;;x
c_subola;Subola;;;;;;;;;;;;;;x
c_cualu;Cualu;;;;;;;;;;;;;;x
c_wexford;Fothar Tíre;;;;;;;;;;;;;;x
c_firceall;Fir Ceala;;;;;;;;;;;;;;x
c_loegaire;Lóegaire;;;;;;;;;;;;;;x
c_waterford;Port Láirge;;;;;;;;;;;;;;x
c_mag_femin;Mag Femin;;;;;;;;;;;;;;x
c_ross;Ros Ailithir;;;;;;;;;;;;;;x
c_carbery;Cairbrigh;;;;;;;;;;;;;;x
c_bear;Béarra;;;;;;;;;;;;;;x
c_mittaine;Mittaine;;;;;;;;;;;;;;x
c_tri_maighe;Tri Maighe;;;;;;;;;;;;;;x
c_glendamnach;Glendamnach;;;;;;;;;;;;;;x
c_raithleann;Raithleann;;;;;;;;;;;;;;x
c_iveragh;Uíbh Ráthach;;;;;;;;;;;;;;x
c_luachra;Íarlúachair;;;;;;;;;;;;;;x
c_massilia;Massilia;;;;;;;;;;;;;;x
c_arklow;Inbhear Mór;;;;;;;;;;;;;;x
c_ui_fidgenti;Uí Fidgenti;;;;;;;;;;;;;;x
c_corcu_baiscind;Corcu Baiscind;;;;;;;;;;;;;;x
c_corcu_mruad;Corcu Mruad;;;;;;;;;;;;;;x
c_uaithne;Uaithne;;;;;;;;;;;;;;x
c_fir_tulach;Fir Tulach;;;;;;;;;;;;;;x
c_tire;Tíre;;;;;;;;;;;;;;x
c_eile;Éile;;;;;;;;;;;;;;x
c_aine_cliach;Áine Cliach;;;;;;;;;;;;;;x
c_airthir_cliach;Airthir Cliach;;;;;;;;;;;;;;x
c_ui_duach;Uí Duach;;;;;;;;;;;;;;x
c_ui_berchain;Uí Bercháin;;;;;;;;;;;;;;x
c_conaille;Mag Muirtheimne;;;;;;;;;;;;;;x
c_fir_rois;Fir Rois;;;;;;;;;;;;;;x
c_luine;Luine;;;;;;;;;;;;;;x
c_uisneach;Uisneach;;;;;;;;;;;;;;x
c_fir_cul_breg;Fir Cúl Breg;;;;;;;;;;;;;;x
c_athlone;Atha Luain;;;;;;;;;;;;;;x
c_aidhne;Aidhne;;;;;;;;;;;;;;x
c_sil_anmchada;Sil Anmchada;;;;;;;;;;;;;;x
c_maenmagh;Maenmagh;;;;;;;;;;;;;;x
c_tir_soghain;Tír Sogháin;;;;;;;;;;;;;;x
c_nuadat;Nuadhat;;;;;;;;;;;;;;x
c_tir_da_locha;Tír Dhá Locha;;;;;;;;;;;;;;x
c_magh_seola;Maigh Seóla;;;;;;;;;;;;;;x
c_cuile_talad;Cúile Talad;;;;;;;;;;;;;;x
c_eyrephort;Iar-Phort;;;;;;;;;;;;;;x
c_ui_mhaill;Uí hMaill;;;;;;;;;;;;;;x
c_fir_ceara;Fir Ceara;;;;;;;;;;;;;;x
c_tir_fiachrach;Tír Fhíacrach;;;;;;;;;;;;;;x
c_tir_ailella;Tir Ailella;;;;;;;;;;;;;;x
c_mag_mail;Mag Máil;;;;;;;;;;;;;;x
c_gailenga;Gailenga;;;;;;;;;;;;;;x
c_locha_na_airne;Locha na Áirne;;;;;;;;;;;;;;x
c_drom_cliabh;Drom Cliabh;;;;;;;;;;;;;;x
c_dartraige;Dartraighe;;;;;;;;;;;;;;x
c_mag_slecht;Magh Slécht;;;;;;;;;;;;;;x
c_mora;Gailenga Mora;;;;;;;;;;;;;;x
c_ui_blathmaic;Uí Blathmaic;;;;;;;;;;;;;;x
c_arda;Aird Ua nEchach;;;;;;;;;;;;;;x
c_dal_mbuinne;Dál mBuinne;;;;;;;;;;;;;;x
c_larne;Latharne;;;;;;;;;;;;;;x
c_cianachta;Cianachta;;;;;;;;;;;;;;x
c_dairtre;Dairtre;;;;;;;;;;;;;;x
c_tuath_ratha;Tuath Ratha;;;;;;;;;;;;;;x
c_ardstraw;Arda Strátha;;;;;;;;;;;;;;x
c_tir_enda;Tir Enda;;;;;;;;;;;;;;x
c_carraickabraghy;Carraic Brachaidhe;;;;;;;;;;;;;;x
c_eas_ruaidh;Eas Ruaidh;;;;;;;;;;;;;;x
c_rath_bhile;Ráth Bhile;;;;;;;;;;;;;;x
c_vivarium;Vivarium;;;;;;;;;;;;;;x
c_durotincum;Durotincum;;;;;;;;;;;;;;x
c_dea;Dea;;;;;;;;;;;;;;x
c_genava;Genava;;;;;;;;;;;;;;x
c_bellicensis;Bellicensis;;;;;;;;;;;;;;x
c_albanensis;Albanensis;;;;;;;;;;;;;;x
c_caputlacensis;Caputlacensis;;;;;;;;;;;;;;x
c_stange;Varna;;;;;;;;;;;;;;x
c_horten;Horti;;;;;;;;;;;;;;x
c_hokksund;Haugsund;;;;;;;;;;;;;;x
c_vestmar;Vestmar;;;;;;;;;;;;;;x
c_east_thelamork;Austrfirðir;;;;;;;;;;;;;;x
c_south_gudbrandsdalen;Suðrdalir;;;;;;;;;;;;;;x
c_north_gudbrandsdalen;Norðrdalir;;;;;;;;;;;;;;x
c_south_osterdalen;Suðeystridalir;;;;;;;;;;;;;;x
c_north_osterdalen;Norðeystridalir;;;;;;;;;;;;;;x
c_klaradalen;Skæradalir;;;;;;;;;;;;;;x
c_south_firtha;Fjarlir;;;;;;;;;;;;;;x
c_sunnmore;Sunnmœrr;;;;;;;;;;;;;;x
c_harjedalen;Herjárdalr;;;;;;;;;;;;;;x
c_sundhed;Sundhed;;;;;;;;;;;;;;x
c_skoen;Skœn;;;;;;;;;;;;;;x
c_northanstig;Norðanstig;;;;;;;;;;;;;;x
c_aquae_sextiae;Aquae Sextiae;;;;;;;;;;;;;;x
c_ad_turrem;Ad Turrem;;;;;;;;;;;;;;x
c_apta_julia;Apta Julia;;;;;;;;;;;;;;x
c_segesteriorum;Segesteriorum;;;;;;;;;;;;;;x
c_vappincum;Vappincum;;;;;;;;;;;;;;x
c_mons_seleucus;Mons Seleucus;;;;;;;;;;;;;;x
c_regium;Regium;;;;;;;;;;;;;;x
c_forum_julii;Forum Julii;;;;;;;;;;;;;;x
c_heraclia;Heraclia;;;;;;;;;;;;;;x
c_ebrodunum;Ebrodunensis;;;;;;;;;;;;;;x
c_brigantium;Brigantinus;;;;;;;;;;;;;;x
c_dinia;Dinia;;;;;;;;;;;;;;x
c_sanitium;Sanitium;;;;;;;;;;;;;;x
c_glanate;Glanate;;;;;;;;;;;;;;x
c_vintium;Vintium;;;;;;;;;;;;;;x
c_antipolis;Antipolis;;;;;;;;;;;;;;x
c_cemenelum;Cemenelum;;;;;;;;;;;;;;x
c_vesontio;Vesontio;;;;;;;;;;;;;;x
c_portus_albucinus;Portisiorum;;;;;;;;;;;;;;x
c_dola;Amausiorum;;;;;;;;;;;;;;x
c_salinum;Scutiacensis;;;;;;;;;;;;;;x
c_epomanduodurum;Epomanduodurum;;;;;;;;;;;;;;x
c_julia_equestris;Equestricus;;;;;;;;;;;;;;x
c_aventicum;Villiacensis;;;;;;;;;;;;;;x
c_lausanna;Lausonensis;;;;;;;;;;;;;;x
c_ausicensis;Ausicensis;;;;;;;;;;;;;;x
c_vindonissa;Vindonissa;;;;;;;;;;;;;;x
c_brenodunum;Brenodunum;;;;;;;;;;;;;;x
c_turicum;Turicum;;;;;;;;;;;;;;x
c_augusta_raurica;Augusta Raurica;;;;;;;;;;;;;;x
c_rubiacum;Rubiacum;;;;;;;;;;;;;;x
c_argentoratum;Argentoratum;;;;;;;;;;;;;;x
c_brocomagus;Brocomagus;;;;;;;;;;;;;;x
c_nemetum;Nemetum;;;;;;;;;;;;;;x
c_tabernae;Tabernae;;;;;;;;;;;;;;x
c_borbetomagus;Borbetomagus;;;;;;;;;;;;;;x
c_rufiniana;Rufiniana;;;;;;;;;;;;;;x
c_mogontiacum;Mogontiacum;;;;;;;;;;;;;;x
c_bingium;Bingium;;;;;;;;;;;;;;x
c_confluentes;Confluentes;;;;;;;;;;;;;;x
c_niderlahngau;Nitherlaigonagowe;;;;;;;;;;;;;;x
c_oberlahngau;Overlaigonagowe;;;;;;;;;;;;;;x
c_perfgau;Perfgowe;;;;;;;;;;;;;;x
c_engersgau;Engerisgowe;;;;;;;;;;;;;;x
c_fritzlar;Frideslar;;;;;;;;;;;;;;x
c_hersfeld;Herolfesfeld;;;;;;;;;;;;;;x
c_wettergau;Overwetereiba;;;;;;;;;;;;;;x
c_niddagau;Nidagowe;;;;;;;;;;;;;;x
c_unterrheingau;Untarrínigawi;;;;;;;;;;;;;;x
c_oberrheingau;Obarrínigawi;;;;;;;;;;;;;;x
c_west_maingau;Westarmaginzagawi;;;;;;;;;;;;;;x
c_east_maingau;Óstarmaginzagawi;;;;;;;;;;;;;;x
c_lobdengau;Lobdengau;;;;;;;;;;;;;;x
c_west_ufgau;Westufgau;;;;;;;;;;;;;;x
c_east_ufgau;Ostufgau;;;;;;;;;;;;;;x
c_wurmgau;Würmgau;;;;;;;;;;;;;;x
c_elsenzgau;Elsenzgau;;;;;;;;;;;;;;x
c_brettachgau;Brettachgau;;;;;;;;;;;;;;x
c_murrgau;Murrgau;;;;;;;;;;;;;;x
c_west_wingarteiba;Westwingarteiba;;;;;;;;;;;;;;x
c_east_wingarteiba;Ostwingarteiba;;;;;;;;;;;;;;x
c_west_jagstgau;Westjagstgau;;;;;;;;;;;;;;x
c_east_jagstgau;Eastjagstgau;;;;;;;;;;;;;;x
c_taubergau;Taubergau;;;;;;;;;;;;;;x
c_waldsassengau;Waldsassen;;;;;;;;;;;;;;x
c_badanachgau;Badanachgau;;;;;;;;;;;;;;x
c_gotzfeldgau;Gotzfeld;;;;;;;;;;;;;;x
c_kochergau;Kochergau;;;;;;;;;;;;;;x
c_maulachgau;Maulachgau;;;;;;;;;;;;;;x
c_ortenau;Mortenau;;;;;;;;;;;;;;x
c_breisgau;Breisachgau;;;;;;;;;;;;;;x
c_albgau;Albgau;;;;;;;;;;;;;;x
c_albuinsbaar;Albuinsbaar;;;;;;;;;;;;;;x
c_pirihtilinbaar;Pirihtilinbaar;;;;;;;;;;;;;;x
c_nagoldgau;Nagoldgau;;;;;;;;;;;;;;x
c_neckargau;Neckargau;;;;;;;;;;;;;;x
c_novus_portus;Novus Portus;;;;;;;;;;;;;;x
c_noviomagus_cantiacorum;Noviomagus;;;;;;;;;;;;;;x
c_durolevum;Durolevum;;;;;;;;;;;;;;x
c_weg;Weg;;;;;;;;;;;;;;x
c_dunmow;Dunmow;;;;;;;;;;;;;;x
c_holland;Holland;;;;;;;;;;;;;;x
c_ad_abum;Ad Abum;;;;;;;;;;;;;;x
c_vernemetum;Vernemetum;;;;;;;;;;;;;;x
c_whitchurch;Westun;;;;;;;;;;;;;;x
c_uxacona;Uxacona;;;;;;;;;;;;;;x
c_trefyclawdd;Trefyclawdd;;;;;;;;;;;;;;x
c_penychen;Penychen;;;;;;;;;;;;;;x
c_talgarth;Talgarth;;;;;;;;;;;;;;x
c_cydweli;Cydweli;;;;;;;;;;;;;;x
c_pompocalia;Pompocalia;;;;;;;;;;;;;;x
c_bravoniacum;Bravoniacum;;;;;;;;;;;;;;x
c_virosidum;Lys Dunaut;;;;;;;;;;;;;;x
c_cataractonium;Cataractonium;;;;;;;;;;;;;;x
c_vinovia;Vinovia;;;;;;;;;;;;;;x
c_abercorn;Aberkernan;;;;;;;;;;;;;;x
c_carbantorigum;Carbantorigum;;;;;;;;;;;;;;x
c_nithsdale;Ystrad Nidd;;;;;;;;;;;;;;x
c_annandale;Ystrad Annan;;;;;;;;;;;;;;x
c_cunninghame;Cwningtref;;;;;;;;;;;;;;x
c_govan;Guovan;;;;;;;;;;;;;;x
c_dunum;Dunum;;;;;;;;;;;;;;x
c_alaunodunum;Alaunodunum;;;;;;;;;;;;;;x
c_muridunum;Muridunum;;;;;;;;;;;;;;x
c_nemetostatio;Nemetostatio;;;;;;;;;;;;;;x
c_branno;Brännö;;;;;;;;;;;;;;x
c_erfurt;Erpesfurt;;;;;;;;;;;;;;x
c_westergowe;Westargowe;;;;;;;;;;;;;;x
c_eichesfelt;Eihhesfelt;;;;;;;;;;;;;;x
c_eschwege;Eskinwage;;;;;;;;;;;;;;x
c_wippergowe;Wipparaha;;;;;;;;;;;;;;x
c_lagni;Lagni;;;;;;;;;;;;;;x
c_moronga;Moringa;;;;;;;;;;;;;;x
c_suilberge;Sulberg;;;;;;;;;;;;;;x
c_hlisgo;Hlisgowe;;;;;;;;;;;;;;x
c_hastfala;Ostfala;;;;;;;;;;;;;;x
c_flutwide;Flutwidu;;;;;;;;;;;;;;x
c_salthgowe;Saltgowe;;;;;;;;;;;;;;x
c_guottinga;Gudongowe;;;;;;;;;;;;;;x
c_maerstem;Merseton;;;;;;;;;;;;;;x
c_bardengowe;Bardongowe;;;;;;;;;;;;;;x
c_uelzen;Ulissan;;;;;;;;;;;;;;x
c_gretinge;Gretinga;;;;;;;;;;;;;;x
c_drevani;Leuphana;;;;;;;;;;;;;;x
c_derlingowe;Derlingowe;;;;;;;;;;;;;;x
c_osterwalde;Osterwald;;;;;;;;;;;;;;x
c_belesem;Arnburg;;;;;;;;;;;;;;x
c_nortthuringowe;Nortthuringogowe;;;;;;;;;;;;;;x
c_hartingowe;Hardingowe;;;;;;;;;;;;;;x
c_suavia;Swaba;;;;;;;;;;;;;;x
c_frisonovel;Frisonofelt;;;;;;;;;;;;;;x
c_hasigowe;Hattogowe;;;;;;;;;;;;;;x