province;red;green;blue;x;x
1;73;127;121;Durnovaria;x
2;69;125;64;Lindinis;x
3;57;88;54;Avalon;x
4;114;179;149;Aquae Sulis;x
5;71;122;108;Ambra;x
6;85;131;113;Venta;x
7;92;179;106;Calleva;x
8;58;155;99;Cunetio;x
9;91;146;65;Durocobrivis;x
10;46;116;68;Vectis;x
11;55;129;55;Corinium;x
12;68;90;75;Isca;x
13;72;104;38;Dartmoor;x
14;82;90;68;Exmoor;x
15;43;146;108;Portus Adurni;x
16;18;123;90;Vindocladia;x
17;91;116;158;Din Tagell;x
18;94;132;162;Tamara;x
19;71;90;122;Lands End;x
20;150;108;76;Glevum;x
21;158;119;91;Burrium;x
22;175;125;110;Magnis;x
23;130;92;64;Lactodorum;x
24;103;125;73;Isca Siluria;x
25;131;143;51;Nidum;x
26;141;114;186;Ceredigion;x
27;119;114;186;Lugg Vale;x
28;114;134;186;Caer Swys;x
29;91;120;194;Cardigan;x
30;129;122;188;Buelt;x
31;121;99;157;Cicucium;x
32;90;134;186;Viroconium;x
33;30;134;186;Ratae;x
34;202;186;81;Meirionnydd;x
35;198;202;81;Caer Gei;x
36;169;202;81;Deva;x
37;57;153;25;Eburacum;x
38;82;180;74;Lindum;x
39;82;180;40;Legiolium;x
40;82;150;137;South Hibernicum;x
41;111;57;100;Old Tyne;x
42;111;57;63;Eden;x
43;132;75;107;Cornovia;x
44;188;134;181;Durovernum;x
45;202;102;168;Cantia;x
46;186;115;177;Portus Dubris;x
47;140;40;40;Londinium;x
48;140;20;20;Thunreslea;x
49;193;41;0;Camulodunum;
50;232;71;8;Thetford;x
51;172;53;40;The Fens;x
52;129;156;91;Moridunum;x
53;87;127;39;Combe;x
54;119;114;215;Tripontium;x
55;82;180;137;Trent Hills;x
56;186;59;89;Luguvallum;x
57;171;89;110;Kirby Thore;x
58;196;86;75;Chester Forest;x
59;177;62;31;Lleyn;x
60;202;106;81;Ynys Mon;
61;160;186;114;Ynys Man;x
62;23;151;134;Epidion;x
63;43;171;114;Cantyre;x
64;43;131;114;Ynys Arran;x
65;90;151;134;Muile;x
66;20;143;87;Dunadd;x
67;125;138;95;Eskdale;x
68;105;153;48;Bernicia;x
69;119;177;120;Gallow;x
70;147;194;46;Ayr;x
71;69;80;44;Lothian;x
72;102;133;35;Din Eidyn;x
73;30;100;35;Caledonia;x
74;178;79;144;The Downs;x
75;234;255;0;Armorica;x
76;213;225;84;Broceliande;x
77;225;207;52;Brivates;x
78;100;60;180;Ynys Trebes;x
79;125;55;211;Constantia;x
80;173;132;224;Augustodurum;x
81;255;144;0;Noviomagus;x
82;255;186;30;Lutetia;x
83;235;161;74;Mediolanum;x
84;255;209;150;Caesaromagus;x
85;240;159;54;Rotomagus;x
86;216;173;0;Juliobona;x
87;255;238;94;Samarobriva;x
88;178;166;67;Gesoriacum;x
89;0;86;192;Dal nAraide;x
90;67;94;196;Muineachain;x
91;56;113;229;Ui Neill;x
92;100;173;255;Donegal;x
93;100;110;183;Connacht;x
94;117;126;200;Ui Bruin;x
95;88;100;176;Ui Maine;x
96;30;80;180;Connemara;x
97;91;107;234;Eblana;x
98;100;117;161;Longford;x
99;31;100;193;Kildare;x
100;31;50;193;Manapia;x
101;127;161;222;Laberus;x
102;0;95;130;Clare;x
103;0;143;195;Concagh;x
104;0;15;130;Limerick;x
105;0;102;229;Ui Liathain;x
106;175;101;42;Avona;x
107;103;160;75;Margidunum;x
108;90;163;66;Iserium;x
109;109;154;11;Teviotdale;x
110;138;174;61;Liddesdale;x
111;58;54;207;Armagh;x
112;92;90;196;The Mourns;x
113;0;27;233;Fermanagh;x
114;50;91;208;Doire;x
115;100;144;255;Leitrim;x
116;90;129;207;Cavan;x
117;32;88;231;Wicklow;x
118;0;117;159;Kerry;x
119;150;159;228;Ros Comain;x
120;0;41;176;Tipperary;x
121;197;84;13;Elmham;x
122;119;92;163;Abrincatae;x
123;138;122;183;Caesarea;x
124;97;81;142;Noviodunum;x
125;190;180;97;Caletum;x
126;221;223;81;Vermandois;x
127;255;221;30;Aulercia;x
128;32;112;92;Fib;x
129;0;91;69;Attacotia;x
130;121;165;110;Dunoting;x
131;58;146;83;Danum;x
132;86;115;173;Dinnewrac;x
133;30;107;186;Arden Forest;x
134;115;131;255;Regia;x
135;85;137;208;Kilkenny;x
136;135;107;118;Ashgill;x
137;232;119;8;Aldeburgh;x
138;154;234;83;Caistor;x
139;113;170;31;South Ayr;x
140;80;146;24;Loch Duin;x
141;126;153;79;Manann;x
142;69;105;164;Tregony;x
143;86;119;54;Artland;x
144;159;177;120;Medcaut;x
145;77;108;170;Mide;x
146;61;101;160;Pengwern;x
147;166;105;139;Carvetia;x
148;49;124;85;Hibernicum;x
149;192;212;56;Cornugallia;x
150;235;199;74;Agedincum;x
151;208;118;146;Arundel;x
152;166;96;77;Durobrivae;x
153;212;83;38;Nortwic;x
154;181;126;86;Gobannium;x
155;129;121;65;Alchester;x
156;109;156;91;Menevia;x
157;215;207;78;Deganwy;x
158;96;158;35;Petuaria;x
159;223;189;51;Talou;x
160;213;164;99;Hiemois;x
161;109;156;110;Novantia;x
162;233;132;0;Friesland;x
163;193;118;0;Veluwe;x
164;215;101;0;Hoern;x
165;212;141;78;Marsum;x
166;203;140;41;Traiectum;x
167;224;185;137;Alaudanum;x
168;219;144;0;Dorestad;x
169;200;66;0;Walacria;x
170;174;103;68;Waal;x
171;204;153;30;Tilburg;x
172;229;208;35;Toxandria;x
173;254;166;52;Antwerp;x
174;132;137;56;Flandrensis;x
175;169;147;80;Portus Aepatiaci;x
176;150;154;43;Thieron;x
177;154;121;14;Tournai;x
178;254;195;52;Leuven;x
179;224;162;28;Herstal;x
180;179;187;64;Arras;x
181;200;212;72;Litomagus;x
182;229;165;53;Malboden;x
183;203;149;72;Namur;x
184;196;177;112;Dinant;x
185;201;114;0;Soissons;x
186;188;159;0;Arduenna;x
187;132;117;11;Reims;x
188;140;127;19;Verdun;x
189;122;56;38;Calmontium;x
190;143;107;73;Tricassia;x
191;122;79;38;Corobilium;x
192;129;84;62;Blesum;x
193;82;110;36;Provinum;x
194;178;125;56;Melodunum;x
195;233;191;137;Carnutia;x
196;110;102;46;Orleans;x
197;108;120;24;Brivodurum;x
198;97;80;40;Aballon;x
199;114;70;36;Alesia;x
200;146;97;62;Tours;x
201;162;159;63;Vindinium;x
202;167;144;52;Laval;x
203;131;170;61;Rennes;x
204;128;118;65;Redon;x
205;143;185;67;Morbihan;x
206;117;153;43;Quimper;x
207;161;160;77;Andecavis;x
208;135;138;61;Nantes;x
209;104;105;61;Melle;x
210;93;112;88;Vogladensis;x
211;26;97;53;Secor Portus;x
212;86;84;49;Brigiosium;x
213;93;88;32;Loches;x
214;112;109;88;Argentomagus;x
215;61;86;49;Poitou;x
216;91;108;44;Alvernia;x
217;118;110;51;Nevers;x
218;133;127;80;Bourges;x
219;171;88;38;Autun;x
220;159;36;50;Langres;x
221;159;49;41;Divio;x
222;171;38;88;Lugdunum;x
223;177;170;55;Vervin;x
224;177;143;84;Hadrianicum;x
225;125;102;18;Catalaunia;x
226;135;129;76;Albula;x
227;161;155;60;Elsenburg;x
228;164;110;124;Vienna;x
229;156;125;94;Barrum;x
230;108;95;81;Metz;x
231;184;148;42;Tongeren;x
232;174;128;30;Landen;x
233;180;125;28;Tornodurum;x
234;240;193;78;Montes;x
235;83;99;56;Auxerre;x
236;124;126;70;Massavia;x
237;136;139;86;Gabrisium;x
238;148;142;100;Saumur;x
239;121;128;68;Chatillon;x
240;140;83;116;Valentia;x
241;90;119;82;Augustoritum;x
242;95;101;41;Moulin;x
243;44;66;121;Angus;x
244;39;84;69;The Mearns;x
245;65;103;90;Aberdeen;x
246;81;172;130;Vacomagia;x
247;65;95;103;Cei;x
248;90;110;118;Fotla;x
249;63;137;158;Moray;x
250;69;130;124;Skiel;x
251;53;89;134;Letterkenny;x
252;53;125;134;Fortrose;x
253;47;92;76;Skye;x
254;53;103;134;Wester Rois;x
255;52;72;101;Rois;x
256;38;67;110;Dornoch;x
257;43;118;134;Gallaibh;x
258;38;97;110;Cataibh;x
259;32;81;112;Leodhas;x
260;43;99;134;Uist;x
261;0;116;88;Scotia;x
262;53;116;134;Inverness;x
263;70;130;84;Rum;x
264;91;115;134;Dun Mor;x
265;71;73;115;Fidach;x
266;31;71;35;Lochearn;x
267;109;87;192;Dal Riata;x
268;101;173;195;Tir Eoghain;x
269;101;117;138;Dal Fiatach;x
270;0;27;195;Lu;x
271;59;87;152;Louth;x
272;27;117;130;Tethbae;x
273;115;101;176;Loigis;x
274;47;91;193;Ceatharlach;x
275;21;115;119;Clochar;x
276;103;146;190;Ailech;x
277;101;65;201;Eilne;x
278;27;53;233;Fir Li;x
279;93;77;174;Ui Tuirtri;x
280;66;190;247;Mare Hyperboricum;x
281;103;209;219;Lacus Flevo;x
282;95;197;219;Mare Frisicum Septentrionalis;x
283;56;183;196;Mare Frisicum Occidentalis;x
284;87;211;242;Mare Veneticum;x
285;47;196;250;Mare Ibericum Septentrionalis;x
286;102;197;236;Sinus Atlanticus;x
287;81;190;252;Cursus Caeruleum;x
288;74;187;234;Cursus Vespertinus;x
289;81;178;218;Cursus Septentrionalis;x
290;59;154;194;Mare Caledonicum Septentrionalis;x
291;65;142;201;Sinus Orcadensis;x
292;79;158;220;The Minch;x
293;99;235;255;Mare Hib Mer;x
294;130;218;255;Fretum Manicæ;x
295;42;207;224;Litus Saxonicum;x
296;78;211;255;Severn Sea;x
297;178;238;255;Oceanus Vergivius;x
298;163;228;255;Mare Britannicum Occ;x
299;129;233;255;Armoricanus Tractus;x
300;93;204;255;Mare Caledonicum Occidentalis;x
301;150;215;239;Oceanus Occidentalis;x
302;177;243;255;Oceanus Septentrionalis;x
303;122;228;255;Fretum Gallicum;x
304;103;210;255;Mare Britannicum Or;x
305;97;199;228;Mare Hibernicum Sett;x
306;146;238;255;Fretum Hibernicum;x
307;113;202;244;Clota Æstuarium;x
308;125;223;251;Hibernicus Tractus;x
309;89;192;235;Mare Caledonicum Orientalis;x
310;0;147;208;Litus Germanicus;x
311;65;161;201;Oceanus Germanicus;x
312;85;168;202;The Wash;x
313;136;217;255;Oceanus Atlanticus;x
314;98;215;248;Mare Hib Sept;x
315;123;169;61;Derventio;x
316;92;169;112;Cambodunum;x
317;45;159;73;Ad Pontem;x
318;89;183;57;Alt Clut;x
319;86;131;37;Dunpender;x
320;94;81;30;Iuddeu;x
321;101;196;45;Lumonwy;x
322;126;149;85;Armterid;x
323;147;255;250;Loch nEachach;x
324;147;225;255;Loch Aillionn;x
325;148;217;254;Loch Measca;x
326;153;222;249;Loch Oirbsean;x
327;151;214;251;Loch Rí;x
328;168;77;74;Ciniubantum;x
329;169;81;44;Grantabrycge;x
330;252;98;46;Beodericsworth;x
331;202;103;4;Gippelwich;x
332;208;40;32;Lukintune;x
333;60;113;60;Chiltern Hills;x
334;189;68;114;Fearnhamme;x
335;52;112;94;Clausentum;x
336;105;149;72;Sorviodunum;x
337;57;160;52;Hen Vicus;x
338;121;177;95;Spinae;x
339;91;202;97;Abona;x
340;174;149;111;Ariconium;x
341;145;137;81;Wychwood;x
342;50;192;86;Verlucio;x
343;55;200;91;Causennae;x
344;119;167;75;Banovallum;x
345;136;28;28;Godmundceaster;x
346;139;105;54;Bannaventa;x
347;155;148;94;Magiovinium;x
348;85;122;191;Letocetum;x
349;28;160;189;Manduessedum;x
350;115;140;36;Leucarum;x
351;153;170;36;Llanymddyfri;x
352;119;90;177;Gwrtheyrnion;x
353;106;121;193;Maelienydd;x
354;220;198;69;Tegeingl;x
355;190;199;31;Maelor;x
356;32;151;157;Regentium;x
357;211;215;100;Dunoding;x
358;213;224;69;Rhufoniog;x
359;72;155;187;Cefeliog;x
360;204;105;32;Arfon;x
361;71;146;90;Vindomis;x
362;143;124;105;Bensington;x
363;148;160;75;Gwash;x
364;70;119;83;Tone;x
365;171;106;196;Thanet;x
366;62;188;236;Thames1;x
367;64;145;234;Thames2;x	
368;83;215;210;Bann;x
369;110;232;228;Loch Eirne Iochtarach;x
370;124;213;210;Loch Eirne Uachtarach;x
371;116;229;225;Loch Gile;x
372;109;243;238;Loch Ce;x
373;87;246;240;Loch Techet;x
374;80;231;226;Loch Con;x
375;79;246;240;Loch Cuilinn;x
376;102;253;248;Ceathrun Moire;x
377;88;232;241;Loch Ceara;x
378;155;210;241;Loch Siodh Linn;x
379;145;209;246;Loch Dairbhreach;x
380;106;196;248;Loch Uail;x
381;114;195;241;Loch Ainninn;x
382;130;209;255;Loch Deirgeirt;x
383;139;205;243;Loch Lein;x
384;34;94;106;Insee Orc;x
385;24;68;78;Insee Cait;x
386;195;195;195;;x
387;75;198;239;Severn;x
388;89;198;244;Somme;x
389;86;192;236;Seine1;x
390;70;179;225;Seine2;x
391;59;184;236;Seine3;x
392;41;184;243;Seine4;x
393;83;173;210;Oise1;x
394;97;185;222;Oise2;x
395;106;189;224;Aisne;x
396;90;200;246;Marne1;x
397;96;208;255;Marne2;x
398;74;202;255;Yonne1;x
399;85;200;248;Yonne2;x
400;89;198;225;Loire1;x
401;73;203;236;Loire2;x
402;62;209;246;Loire3;x
403;49;208;248;Loire4;x
404;48;190;225;Loire5;x
405;59;201;236;Vienne1;x
406;44;206;246;Vienne2;x
407;82;88;148;Cursus Gallaecum;x
408;99;106;169;Cursus Cantabricus;x
409;86;121;174;Mare Gallaecum Occidentalis;x
410;104;127;163;Mare Gallaecum Orientalis;x
411;102;122;153;Litus Gallaecum;x
412;88;109;140;Sinus Gallaecum;x
413;58;73;99;Lyonesse;x
414;243;157;21;Winaam;x
415;255;189;62;Dokkum;x
416;241;166;78;Groningen;x
417;208;147;74;Emden;x
418;241;159;62;Leer;x
419;222;118;17;Jever;x
420;198;108;27;Aardenburg;x
421;152;105;30;Zwolle;x
422;188;134;49;Drenthe;x
423;210;153;76;Twente;x
424;203;167;43;Nijmegen;x
425;231;178;51;Achterhoek;x
426;184;147;99;Cologne;x
427;229;185;100;Aquae Granni;x
428;177;146;72;Novaesium;x
429;177;131;72;Tricensimae;x
430;212;150;69;Juliacum;x
431;215;158;85;Bonna;x
432;215;179;54;Teudurum;x
433;201;172;9;Orolaunum;x
434;205;186;22;Leodicum;x
435;191;160;52;Hoium;x
436;203;168;100;Icorigium;x
437;227;189;38;Camaracum;x
438;227;221;55;Pontes Ambianorum;x
439;232;206;65;Leuconaus;x
440;151;155;50;Meduantum;x
441;188;178;63;Castellum Menapiorum;x
442;223;231;87;Helena;x
443;188;151;38;Origiacum;x
444;224;125;28;Vodgoriacum;x
445;200;175;114;Pons Scaldis;x
446;196;198;50;Noviomum;x
447;219;145;50;Otmus;x
448;152;104;146;Aylesford;x
449;136;155;60;Vungus;x
450;177;175;108;Basilia;x
451;222;178;120;Silvanectia;x
452;237;184;116;Meruacum;x
453;212;139;44;Petromantalum;x
454;255;179;80;Uggade;x
455;219;195;59;Condate;x
456;172;26;77;Thietmaresca;x
457;216;33;97;Hulsatia;x
458;118;18;53;Sturmaria;x
459;57;9;26;Sigeberch;x
460;200;144;77;Esuvia;x
461;227;162;78;Breviodurum;x
462;140;53;0;Egtha;x
463;206;78;0;Rieseby;x
464;79;40;2;Sleswick;x
465;95;49;3;Eiderstedt;x
466;209;108;7;Flansberg;x
467;255;113;28;Ribe;x
468;148;196;227;Carpentoratensium;x
469;185;80;2;Sylt;x
470;152;190;241;Avennio;x
471;255;136;64;Haderslev;x
472;104;202;208;Sinus Codanus Occidentalis;x
473;126;223;229;Sinus Codanus Orientalis;x
474;113;177;183;Sinus Dani Occidentalis;x
475;85;176;195;Mare Germanicus Meridianus;x
476;104;190;208;Mare Germanicus Septentrionalis;x
477;185;145;6;Esbjerg;x
478;147;115;4;Vejle;x
479;237;121;5;Hemuing;x
480;114;89;3;Grena;x
481;150;154;3;Arhus;x
482;251;233;86;Mors;x
483;188;192;3;Alborg;x
484;250;211;78;Hanstholm;x
485;95;97;1;Skagen;x
486;254;125;107;Odense;x
487;253;80;55;Svendborg;x
488;252;34;3;Rudkobing;x
489;223;0;0;Lolland;x
490;168;0;0;Falster;x
491;119;0;0;Mon;x
492;112;29;7;Praesto;x
493;240;133;68;Holbaek;x
494;226;56;14;Fredriksborg;x
495;212;207;121;Norrkoping;x
496;127;247;255;Sinus Dani Orientalis;x
497;121;230;237;Sinus Varni;x
498;208;170;37;Salling;x
499;131;130;18;Jelling;x
500;156;175;188;Vasio;x
501;237;169;5;Hind;x
502;235;184;7;Viborg;x
503;174;91;40;Rendsburg;x
504;213;126;74;Tonder;x
505;237;193;136;Taurinus;x
506;154;93;229;Alauna;x
507;117;203;208;Fretum Avionum;x
508;131;226;215;Mare Rugi;x
509;6;236;255;Sinus Blecingae;x
510;100;219;204;Metuonis;x
511;0;208;225;Mare Suebicum;x
512;0;171;185;Mare Gothi Occidentalis;x
513;0;136;147;Mare Gothi Septentrionalis;x
514;0;85;91;Sinus Scerefennae;x
515;65;143;201;Cursus Scatinavius;x
516;55;135;193;Mare Scatinavius;x
517;48;116;167;Septentrionalis Oceanus;x
518;70;17;4;Bornholm;x
519;237;105;27;Soro;x
520;242;87;49;Roskilde;x
521;188;201;46;Fanum Martis;x
522;157;225;40;Blavia;x
523;170;212;97;Poutrocoet;x
524;183;234;95;Sipia;x
525;174;177;104;Ratiatum;x
526;213;0;69;Alfheimar;x
527;255;15;92;Vingulmork;x
528;255;117;162;Vestfold;x
529;255;83;139;Rauma;x
530;254;146;149;Hringariki;x
531;254;44;49;Hatha;x
532;254;73;78;Heina;x
533;254;118;121;Valdres;x
534;254;84;88;Haddingjadalr;x
535;254;175;177;Numadalr;x
536;255;204;221;Thelamork;x
537;201;118;145;Graena;x
538;87;2;40;Austegtha;x
539;65;1;30;Efriegtha;x
540;111;2;51;Vestegtha;x
541;43;0;6;Jatharr;x
542;85;0;13;Rygja;x
543;163;3;47;Harthangr;x
544;179;0;27;Horda;x
545;117;0;18;Sygna;x
546;79;0;12;Firtha;x
547;40;85;43;;x		# Nene Washes
548;138;127;169;Meduana;x
549;200;199;116;Combaristum;x
550;217;212;77;Ad Fines;x
551;203;202;142;Robrica;x
552;203;201;72;Segora;x
553;170;0;55;Dal;x
554;148;140;52;Caino;x
555;210;213;125;Vetraria;x
556;241;173;105;Malmhaug;x
557;238;154;70;Helsingborg;x
558;180;98;16;Vae;x
559;220;120;20;Rynestad;x
560;152;83;14;Laholm;x
561;193;105;17;Getakarr;x
562;240;122;51;Solvesborg;x
563;237;146;54;Rotnaeby;x
564;146;222;226;Lacus Vener;x
565;152;224;228;Lacus Veter;x
566;128;121;0;Visby;x
567;168;159;0;Slite;x
568;132;125;0;Morbylanga;x
569;166;157;0;Borgholm;x
570;253;179;6;More;x
571;236;218;64;Handbord;x
572;220;202;53;Sevede;x
573;224;148;5;Varend;x
574;230;187;0;Finnveden;x
575;244;220;0;Njudung;x
576;200;216;1;Vista;x
577;217;196;0;Tveta;x
578;196;186;0;Sodra Vedbo;x
579;151;143;0;Linkoping;x
580;230;218;0;Koping;x
581;255;245;64;Ulricehamn;x
582;234;222;0;Gotarborg;x
583;255;243;26;Falkoping;x
584;255;249;117;Skaraborg;x
585;229;212;72;Aspeland;x
586;193;187;85;Tjust;x
587;208;199;56;Kinda;x
588;215;174;121;Durocassia;x
589;212;169;114;Salioclita;x
590;203;152;127;Dunense;x
591;177;128;104;Durocornovium;x
592;154;167;67;Belca;x
593;160;150;81;Ingrannes;x
594;170;186;63;Tasciaca;x
595;207;101;128;Ursulis;x
596;225;166;40;Catulliacus;x
597;171;117;152;Hastings;x
598;145;186;80;Iantinum;x
599;210;156;86;Aquis Segesta;x
600;203;179;95;Bandritum;x
601;200;147;161;Morginnum;x
602;93;181;203;Vilaine;x
603;54;173;217;Charente1;x
604;70;153;183;Charente2;x
605;59;174;217;Garonne1;x
606;78;192;234;Garonne2;x
607;104;195;229;Dordogne;x
608;136;167;213;Adour1;x
609;116;220;229;Fluvium Flevo;x
610;118;202;220;Wendila;x
611;94;187;207;Eider;x
612;106;192;210;Treene;x
613;121;207;225;Schlei;x
614;207;118;39;Texel;x
615;171;105;41;Heligoland;x
616;188;128;69;South Strand;x
617;203;101;26;North Strand;x
618;220;189;82;Vestervig;x
619;65;93;187;Scaldis1;x
620;65;93;200;Scaldis2;x
621;65;93;210;Scaldis3;x
622;65;93;220;Legia;x
623;118;134;218;Esara;x
624;149;150;84;Aunis;x
625;202;203;113;Novioritum;x
626;179;84;140;Cerebelliaca;x
627;164;137;60;Santonorum;x
628;196;201;69;Iculisma;x
629;200;169;85;Aunedonnacum;x
630;164;153;60;Agernacum;x
631;224;229;95;Sermanicomagus;x
632;196;115;83;Burdigala;x
633;193;129;101;Medullia;x
634;237;159;128;Corterate;x
635;237;187;128;Varatedo;x
636;161;170;18;Wasia;x
637;93;98;18;Ghent;x
638;199;152;9;Kortrijk;x
639;232;171;76;Vesunna;x
640;139;193;92;Luda;x
641;198;155;89;Travectus;x
642;220;191;112;Diolindum;x
643;148;156;193;Ernaginum;x
644;220;170;91;Fines;x
645;241;204;145;Attanum;x
646;137;220;76;Aginnum;x
647;86;192;240;Isura;x
648;86;192;245;Usa;x
649;86;192;250;Trisantona;x
650;86;192;255;Neana;x
651;86;192;253;Udsosa;x
652;117;183;200;Amisia1;x
653;117;183;190;Amisia2;x
654;117;183;180;Amisia Æstuarium;x
655;240;144;30;Rheiderland;x
656;187;255;137;Excisum;x
657;125;186;81;Segodunum;x
658;140;162;176;Cabellio;x
659;144;191;109;Condatomagus;x
660;218;14;86;Haduloha;x
661;202;75;120;Heilaland;x
662;169;188;215;Telo Martius;x
663;225;59;118;Wihmuodi;x
664;193;25;84;Agredingland;x
665;208;73;121;Bursibant;x
666;157;58;93;Hasaland;x
667;181;184;96;Segimovicus;x
668;189;174;75;Tincontium;x
669;167;160;113;Mediolanum Biturigum;x
670;208;196;112;Cantilia;x
671;205;105;66;Swaffham;x
672;128;62;85;Ammerland;x
673;196;59;107;Leriland;x
674;187;105;134;Laarland;x
675;204;86;128;Derveland;x
676;213;167;86;Dordracum;x
677;188;135;88;Amuda;x
678;165;51;91;Skopingham;x
679;227;94;141;Bohholt;x
680;243;48;117;Dreinland;x
681;200;95;132;Hlidbeki;x
682;161;97;119;Dersaland;x
683;180;49;95;Threcwiti;x
684;113;50;72;Grainland;x
685;246;211;90;Duisburg;x
686;176;157;93;Hetterland;x
687;219;194;109;Deutz;x
688;241;210;102;Avalgowe;x
689;124;169;112;Cassinomagus;x
690;110;155;98;Andecamulum;x
691;120;177;104;Acitodunum;x
692;129;160;121;Ivaonum;x
693;104;167;86;Userca;x
694;132;207;112;Argenta;x
695;155;169;116;Lovolautrum;x
696;157;181;92;Brivas;x
697;189;215;120;Indiciacum;x
698;159;188;83;Aquis Calentes;x
699;143;15;60;Walchum;x
700;92;148;106;Divona;x
701;96;195;121;Gurdo;x
702;158;215;173;Varadetum;x
703;112;212;138;Cossa;x
704;145;66;94;Luedenscheid;x
705;248;197;215;Dortmund;x
706;125;174;205;Arausio;x
707;195;18;81;Lochtrop;x
708;255;50;122;Oedingen;x
709;133;212;76;Carantomagus;x
710;138;227;73;Amiliavum;x
711;154;210;113;Crodioialum;x
712;103;183;120;Albiga;x
713;121;162;129;Alto Pullo;x
714;174;168;102;Anderitum;x
715;196;187;90;Gredonum;x
716;207;198;103;Aqua Calida;x
717;92;150;67;Ruessium;x
718;113;188;80;Iciomagus;x
719;183;108;47;Belena;x
720;167;112;67;Dusma;x
721;189;110;63;Denegontium;x
722;155;127;61;Sidoloucum;x
723;183;100;110;Lasticum;x
724;236;52;73;Segessera;x
725;201;77;162;Gratianopolis;x
726;213;106;119;Mosa;x
727;164;96;91;Attoaria;x
728;217;130;189;Sapaudia;x
729;222;111;194;Cabilonnum;x
730;193;111;173;Pons Dubris;x
731;212;79;179;Latona;x
732;232;127;154;Matisco;x
733;167;92;111;Balgiacum;x
734;87;198;244;Lacus Lemannus;x
735;215;73;127;Isarnodurum;x
736;215;127;160;Condatiscone;x
737;198;105;149;Asa Paulini;x
738;186;56;117;Segusiavorum;x
739;171;89;127;Aquae Segetae;x
740;150;176;113;Tolosa;x
741;168;210;109;Ad Iovem;x
742;218;249;173;Vernosolum;x
743;186;210;151;Sostomagus;x
744;157;171;138;Tarusco;x
745;205;192;119;Narbo;x
746;164;156;109;Carcasum;x
747;196;185;124;Ad Vicensimum;x
748;229;219;162;Rhedae;x
749;255;227;72;Sardonia;x
750;225;202;73;Conflent;x
751;205;172;119;Baeterrae;x
752;231;200;151;Agatha;x
753;205;188;119;Luteva;x
754;249;248;187;Nemausus;x
755;195;194;131;Magalona;x
756;220;219;132;Andusia;x
757;221;237;166;Ucetia;x
758;88;123;140;Oceanus Occidentalis Septentrionalis;x
759;103;135;150;Oceanus Occidentalis Meridianus;x
760;118;148;163;Gaditanus Sinus;x
761;126;158;173;Litus Mauretanicum;x
762;181;203;214;Fretum Herculeum;x
763;119;159;178;Mare Ibericum Occidentalis;x
764;74;208;181;Mare Ibericum Orientalis;x
765;150;201;213;Litus Numidicum;x
766;82;168;151;Mare Balearicum;x
767;83;155;141;Sinus Gallicus;x
768;88;121;114;Mare Hespericum;x
769;80;125;116;Mare Ligusticum;x
770;249;224;109;Vastbo;x
771;217;198;111;Ostbo;x
772;231;179;80;Uppvidinge;x
773;231;184;94;Norrvidinge;x
774;220;166;62;Kinnevald;x
775;162;202;227;Tricastinorum;x
776;255;204;83;Norra More;x
777;232;208;0;Stranda;x
778;212;198;76;Ostra;x
779;243;234;86;Norra Vedbo;x
780;255;230;4;Tunalan;x
781;217;209;88;Ydre;x
782;205;121;194;Portus Lemanis;x
783;247;152;95;Als;x
784;222;140;91;Schwansen;x
785;187;249;98;Verulanium;x
786;234;85;183;Anderida Silva;x
787;215;127;88;Ely;x
788;171;52;52;Holme Fen;x
789;224;134;47;Gyxeweorde;x
790;85;193;115;Segelocum;x
791;128;215;89;Danu;x
792;66;213;107;Scarsdale;x
793;108;166;141;Dovedale;x
794;76;185;208;Repton;x
795;92;179;62;Delgovicia;x
796;103;135;60;Dictium;x
797;111;203;163;Aquae Arnemetiae;x
798;96;189;140;Coccium;x
799;253;195;40;Treverorum;x
800;251;205;82;Princastellum;x
801;212;168;48;Beda;x
802;54;160;167;Fluvium Gothi;x
803;160;222;226;Lacus Scagenum;x
804;190;222;226;Lacus Udendum;x
805;180;222;226;Lacus Vicensis;x
806;140;222;226;Lacus Mioronensis;x
807;130;222;226;Lacus Horanaborgum;x
808;35;195;209;Æum;x
809;205;134;64;Stadunensis;x
810;169;155;40;Ibliodurum;x
811;188;98;74;Tullum;x
812;167;87;65;Solimariaca;x
813;198;74;41;Suentensis;x
814;200;163;124;Decempagi;x
815;191;143;91;Falconis Mons;x
816;119;91;62;Saravus;x
817;30;172;107;Cowal;x
818;48;183;166;Jura;x
819;88;157;150;Ardnamurchan;x
820;128;130;176;Inverlochy;x
821;92;167;188;Airdchartdan;x
822;84;161;177;Assynt;x
823;55;135;152;Rousay;x
824;27;118;138;Yell;x
825;100;182;217;Vara Æstuarium;x
826;207;50;102;Vedbo;x
827;255;213;117;Kils;x
828;205;170;87;Grums;x
829;227;177;57;Nordmark;x
830;219;188;113;Olme;x
831;225;176;58;Farnebo;x
832;219;190;122;Fryksdal;x
833;224;169;92;Jonaker;x
834;224;181;122;Svartlosa;x
835;205;170;121;Selebo;x
836;177;129;60;Rekarne;x
837;210;163;96;Oppunda;x
838;255;198;117;Orebro;x
839;219;180;125;Kumla;x
840;234;177;95;Sundbo;x
841;224;179;117;Tuhundra;x
842;222;183;127;Simtuna;x
843;232;176;96;Akerbo;x
844;203;171;126;Nora;x
845;236;201;151;Vaksala;x
846;248;208;150;Nardinghundra;x
847;213;174;119;Vala;x
848;255;164;91;Gastrikland;x
849;189;161;122;Asunda;x
850;200;170;128;Torstuna;x
851;224;179;114;Arlinghundra;x
852;217;190;151;Sollentuna;x
853;188;162;126;Sjuhundra;x
854;224;207;184;Danderyds;x
855;246;209;160;Frotuna;x
856;207;174;132;Frosaker;x
857;189;128;79;Falun;x
858;255;179;117;Hedemora;x
859;232;176;130;Ludvika;x
860;203;155;116;Osterdalarna;x
861;236;169;116;Vasterdalarna;x
862;231;155;182;Nithersi;x
863;207;108;143;Almango;x
864;174;90;120;Patherga;x
865;171;52;94;Netga;x
866;225;61;115;Tunge;x
867;181;94;125;Hessim;x
868;114;135;227;Rhine1;x
869;116;134;210;Rhine2;x
870;154;168;225;Rhine3;x
871;161;177;246;Rhine4;x
872;141;159;239;Rhine5;x
873;149;165;234;Rhine6;x
874;119;138;217;Waal;x
875;118;143;253;Meuse1;x
876;146;166;251;Meuse2;x
877;127;147;234;Meuse3;x
878;143;160;236;Meuse4;x
879;157;173;244;Meuse5;x
880;121;143;236;Moselle1;x
881;144;157;212;Moselle2;x
882;103;120;191;IJssel;x
883;117;126;166;Utrechtse Vecht;x
884;143;100;115;Osterburg;x
885;157;66;118;Bucki;x
886;189;104;134;Sturmi;x
887;207;137;162;Mosde;x
888;177;105;130;Loingau;x
889;164;58;95;Grindiriga;x
890;162;81;109;Detmold;x
891;222;115;153;Augau;x
892;217;115;173;Tilithi;x
893;171;73;128;Huettagau;x
894;183;128;75;Halmstad;x
895;213;173;117;Daga;x
896;225;188;136;Hollebo;x
897;160;157;104;South Treding;x
898;186;147;90;Fellingsbro;x
899;76;183;193;Helinius;x
900;73;202;234;Lacus Lacinum;x
901;93;179;201;Lacus Hialamari;x
902;179;183;78;Elusa;x
903;175;189;248;Arelate;x
904;196;200;81;Elimberrum;x
905;211;215;99;Belsinum;x
906;212;215;116;Lactora;x
907;234;222;152;Lugdunum Convenarum;x
908;220;206;126;Aquae Onesiorum;x
909;238;243;106;Consorannum;x
910;251;228;74;Bigorra;x
911;217;201;96;Novum Oppidum;x
912;220;193;85;Atura;x
913;213;199;144;Mons Martiani;x
914;191;175;85;Cossium;x
915;224;201;76;Alingo;x
916;241;207;71;Beneharnum;x
917;83;132;205;Adour2;x
918;113;159;227;Gabarus Palensis;x
919;217;191;88;Iluro;x
920;183;158;59;Aspalluga;x
921;176;152;99;Boios;x
922;198;157;69;Losa;x
923;210;178;48;Aquae Tarbellicae;x
924;193;170;78;Coequosa;x
925;219;192;82;Cocosatia;x
926;207;188;111;Lapurdum;x
927;176;161;100;Subola;x
928;73;219;210;Shannon1;x
929;73;197;219;Shannon2;x
930;101;137;231;Cualu;x
931;37;114;255;Fothar Tire;x
932;77;93;212;Fir Ceala;x
933;100;133;201;Loegaire;x
934;79;111;213;Waterford;x
935;113;124;208;Mag Femin;x
936;105;185;215;Ross;x
937;98;169;196;Carbery;x
938;83;139;160;Bear;x
939;81;147;171;Mittaine;x
940;79;122;138;Tri Maighe;x
941;64;102;116;Glendamnach;x
942;42;166;212;Raithleann;x
943;46;141;176;Iveragh;x
944;61;170;210;Luachra;x
945;139;173;220;Massilia;x
946;84;110;177;Arklow;x
947;40;56;174;Ui Fidgenti;x
948;57;149;183;Corcu Baiscind;x
949;80;176;212;Corcu Mruad;x
950;81;159;195;Uaithne;x
951;88;182;196;Fir Tulach;x
952;78;90;160;Tire;x
953;133;160;248;Eile;x
954;122;148;234;Aine Cliach;x
955;92;102;135;Airthir Cliach;x
956;148;184;234;Ui Duach;x
957;130;173;232;Ui Berchain;x
958;104;124;243;Conaille;x
959;83;115;188;Fir Rois;x
960;146;172;224;Luine;x
961;98;158;167;Uisneach;x
962;52;152;167;Fir Cul Breg;x
963;73;146;157;Athlone;x
964;60;106;200;Aidhne;x
965;150;161;225;Sil Anmchada;x
966;106;120;201;Maenmagh;x
967;103;121;227;Tir Soghain;x
968;136;145;201;Nuadat;x
969;105;145;225;Tir Da Locha;x
970;84;122;201;Maigh Seola;x
971;62;79;112;Cuile Talad;x
972;85;121;195;Eyrephort;x
973;132;142;219;Ui Mhaill;x
974;88;103;217;Fir Ceara;x
975;68;80;176;Tir Fiachrach;x
976;104;111;160;Tir Ailella;x
977;150;169;195;Mag Mail;x
978;161;168;219;Gailenga;x
979;133;140;186;Locha na Airne;x
980;99;124;189;Drom Cliabh;x
981;111;141;219;Dartraige;x
982;146;163;207;Mag Slecht;x
983;118;156;234;Mora;x
984;108;135;171;Ui Blathmaic;x
985;127;151;183;Arda;x
986;74;133;207;Dal mBuinne;x
987;48;115;198;Larne;x
988;106;136;222;Cianachta;x
989;125;142;207;Dairtre;x
990;112;124;212;Tuath Ratha;x
991;103;143;155;Ardstraw;x
992;63;136;157;Tir Enda;x
993;166;186;207;Carraickabraghy;x
994;117;164;217;Eas Ruaidh;x
995;91;118;166;Rath Bhile;x
996;213;143;182;Vivarium;x
997;237;167;215;Durotincum;x
998;205;121;200;Dea;x
999;164;94;133;Genava;x
1000;210;135;154;Bellicensis;x
1001;198;110;160;Albanensis;x
1002;191;140;169;Caputlacensis;x
1003;103;189;225;Rhone1;x
1004;134;188;210;Rhone2;x
1005;152;199;219;Rhone3;x
1006;114;182;210;Saone1;x
1007;129;197;225;Saone2;x
1008;195;80;118;Stange;x
1009;205;93;130;Horten;x
1010;231;149;176;Hokksund;x
1011;255;174;201;Vestmar;x
1012;220;116;151;East Thelamork;x
1013;217;79;125;South Gudbrandsdalen;x
1014;186;106;133;North Gudbrandsdalen;x
1015;219;132;187;South Osterdalen;x
1016;195;95;158;North Osterdalen;x
1017;174;94;145;Klaradalen;x
1018;136;44;57;South Firtha;x
1019;196;98;112;Sunnmore;x
1020;200;151;182;Harjedalen;x
1021;207;194;163;Sundhed;x
1022;196;170;106;Skoen;x
1023;183;163;114;Northanstig;x
1024;165;118;236;Aquae Sextiae;x
1025;196;167;239;Ad Turrem;x
1026;182;158;219;Apta Julia;x
1027;121;89;135;Segesteriorum;x
1028;215;145;225;Vappincum;x
1029;171;88;183;Mons Seleucus;x
1030;193;124;210;Regium;x
1031;144;57;166;Forum Julii;x
1032;157;81;176;Heraclia;x
1033;181;82;157;Ebrodunum;x
1034;224;137;203;Brigantium;x
1035;109;76;101;Dinia;x
1036;172;130;162;Sanitium;x
1037;207;161;196;Glanate;x
1038;219;122;195;Vintium;x
1039;237;175;222;Antipolis;x
1040;241;152;219;Cemenelum;x
1041;217;206;115;Vesontio;x
1042;135;127;60;Portus Albucinus;x
1043;172;164;98;Dola;x
1044;116;109;47;Salinum;x
1045;189;182;123;Epomanduodurum;x
1046;212;219;173;Julia Equestris;x
1047;179;161;119;Aventicum;x
1048;138;116;64;Lausanna;x
1049;193;166;100;Ausicensis;x
1050;217;192;131;Vindonissa;x
1051;213;177;91;Brenodunum;x
1052;231;213;169;Turicum;x
1053;208;181;157;Augusta Raurica;x
1054;184;147;115;Rubiacum;x
1055;189;136;53;Argentoratum;x
1056;212;173;112;Brocomagus;x
1057;179;155;117;Nemetum;x
1058;224;190;137;Tabernae;x
1059;227;189;130;Borbetomagus;x
1060;198;178;146;Rufiniana;x
1061;183;157;117;Mogontiacum;x
1062;216;202;152;Bingium;x
1063;174;159;98;Confluentes;x
1064;212;180;119;Niderlahngau;x
1065;219;196;150;Oberlahngau;x
1066;177;151;101;Perfgau;x
1067;198;165;101;Engersgau;x
1068;172;143;86;Fritzlar;x
1069;198;176;133;Hersfeld;x
1070;201;182;144;Wettergau;x
1071;159;137;95;Niddagau;x
1072;188;151;126;Unterrheingau;x
1073;217;161;123;Oberrheingau;x
1074;196;145;111;West Maingau;x
1075;224;183;155;East Maingau;x
1076;162;117;87;Lobdengau;x
1077;176;112;69;West Ufgau;x
1078;191;153;128;East Ufgau;x
1079;232;169;127;Wurmgau;x
1080;130;80;58;Elsenzgau;x
1081;186;131;106;Brettachgau;x
1082;227;142;104;Murrgau;x
1083;157;116;79;West Wingarteiba;x
1084;196;137;84;East Wingarteiba;x
1085;179;119;65;West Jagstgau;x
1086;212;136;68;East Jagstgau;x
1087;229;178;133;Taubergau;x
1088;167;116;81;Waldsassengau;x
1089;203;126;74;Badanachgau;x
1090;210;160;127;Gotzfeldgau;x
1091;227;179;158;Kochergau;x
1092;179;115;87;Maulachgau;x
1093;184;146;121;Ortenau;x
1094;232;192;165;Breisgau;x
1095;167;99;54;Albgau;x
1096;166;138;90;Albuinsbaar;x
1097;148;119;67;Pirihtilinbaar;x
1098;205;177;127;Nagoldgau;x
1099;196;166;113;Neckargau;x
1100;219;167;183;Novus Portus;x
1101;207;131;197;Noviomagus Cantiacorum;x
1102;159;75;148;Durolevum;x
1103;220;128;189;Weg;x
1104;183;112;93;Dunmow;x
1105;232;133;123;Holland;x
1106;13;133;4;Ad Abum;x
1107;156;219;125;Vernemetum;x
1108;108;150;227;Whitchurch;x
1109;133;146;171;Uxacona;x
1110;120;150;196;Trefyclawdd;x
1111;137;164;98;Penychen;x
1112;137;98;201;Talgarth;x
1113;171;188;59;Cydweli;x
1114;92;212;149;Pompocalia;x
1115;171;81;92;Bravoniacum;x
1116;141;222;122;Virosidum;x
1117;125;179;106;Cataractonium;x
1118;164;69;145;Vinovia;x
1119;127;148;77;Abercorn;x
1120;154;179;100;Carbantorigum;x
1121;126;179;79;Nithsdale;x
1122;154;207;107;Annandale;x
1123;194;232;113;Cunninghame;x
1124;171;207;95;Govan;x
1125;143;227;137;Dunum;x
1126;160;213;137;Alaunodunum;x
1127;99;171;123;Muridunum;x
1128;106;195;135;Nemetostatio;x
1129;195;201;102;Austrebantum;x
1130;222;174;102;Tamasiacum;x
1131;132;136;34;Moyen;x
1132;212;202;119;Tectis;x
1133;123;105;63;Brussels;x
1134;136;109;55;Tolbiacum;x
1135;205;128;100;Garianonum;x
1136;183;138;93;Hoxne;x
1137;220;208;104;Aylesbury;x
1138;188;131;105;Vicanus;x
1139;31;39;24;;x		# Whitham Fens
1140;52;63;42;;x		# Holland Fens
1141;52;58;53;;x		# Ouse Washes
1142;61;140;67;;x		# Deeping Fen
1143;167;119;98;Impington;x
1144;200;186;93;Brinavae;x
1145;119;113;74;Alcester;x
1146;203;180;145;Ergyng;x
1147;129;166;220;Stour;x
1148;29;26;27;;x		# Western Weald (Sussex)
1149;58;32;42;;x		# Western Weald (Surrey)
1150;56;88;64;;x		# Western Weald (Hampshire)
1151;66;95;82;;x		# Central Weald (Sussex)
1152;32;22;22;;x		# Central Weald (Surrey)
1153;80;109;96;;x		# Eastern Weald (Sussex)
1154;110;171;150;;x		# Eastern Weald (Hastings)
1155;88;138;105;;x		# Eastern Weald (West Cantware)
1156;51;99;67;;x		# Eastern Weald (East Cantware)
1157;232;143;77;Arllechwedd;x
1158;143;92;79;Rhosyr;x
1159;164;167;90;Edeyrnion;x
1160;143;188;80;Emlyn;x
1161;63;83;183;Elfael;x
1162;211;213;150;Media;x
1163;166;205;98;Vendilis;x
1164;137;106;176;Crociatonum;x
1165;166;191;123;Duretie;x
1166;172;207;112;Belz;x
1167;134;177;59;Pourlet;x
1168;210;219;111;Dol;x
1169;193;200;115;Loudeac;x
1170;226;232;156;Goelo;x
1171;222;234;88;Pougastel;x
1172;182;198;78;Cantinus;x
1173;164;191;105;Cap Sizun;x
1174;178;217;95;Artus;x
1175;97;177;157;Fothriff;x